﻿<?xml version="1.0" encoding="utf-8" ?>
<deadsouls>
  <!-- Describes the types of items that can be created. Also used for menu text -->
	<itemclasses>
    <!-- TODO Come up with a way of specifying which headers are included and objects are inherited -->
		<itemclassdeclaration id="Armor">armor</itemclassdeclaration>
		<itemclassdeclaration id="Worn Storage">worn storage</itemclassdeclaration>
		<itemclassdeclaration id="Zuraki Gloves">zurakigloves</itemclassdeclaration>
  </itemclasses>
	
	<itemclass class ="armor">
		<control type="CheckBox" paramtype="inherit" text="Inherit LIB_ARMOR" tooltip="Make sure this is checked or your object won't work!" function="inherit LIB_ARMOR;" enable="false">
			  <init>1</init>
		</control>
		<control type="CheckBox" paramtype="inherit" text="Inherit LIB_SPACESUIT" tooltip="Make sure this is checked or your object won't work!" function="inherit LIB_SPACESUIT;">
			<init>0</init>
		</control>
	</itemclass>
	
	<itemclass class="worn storage">
		<control type="CheckBox" paramtype="inherit" text="Inherit LIB_WORN_STORAGE" tooltip="Make sure this is checked or your object won't work!" function="inherit LIB_WORN_STORAGE;" enable="false">
			  <init>1</init>
		</control>
		<control type="CheckBox" paramtype="inherit" text="Inherit LIB_SPACESUIT" tooltip="Make sure this is checked or your object won't work!" function="inherit LIB_SPACESUIT;">
			<init>0</init>
		</control>
		<control type="NumberEntry" min="1" max="1000000" inc="1" text="Max Weight:" tooltip="The total amount of extra weight this object can contain." function="SetMaxCarry">
			  <init>10</init>
		</control>

		
		<control type="TextEntry" paramtype="string" text="Key Name:" tooltip="The name of the key needed to unlock this object." function="SetKey">
			<init></init>
		</control>

		<control type="CheckBox" paramtype="property" text="Lockable" tooltip="Determines if the storage can be locked and unlocked." function="SetCanLock">
			<init>0</init>
		</control>
		<control type="CheckBox" paramtype="property" text="Locked" tooltip="Sets the initial locked state." function="SetLocked">
			<init>0</init>
		</control>

		<control type="CheckBox" paramtype="property" text="Closeable" tooltip="Determines if the storage can be opend and closed." function="SetCanClose">
			<init>1</init>
		</control>
		<control type="CheckBox" paramtype="property" text="Closed" tooltip="Sets the initial closed state." function="SetClosed">
			<init>1</init>
		</control>
		
	</itemclass>

	<itemclass class ="zurakigloves">
		<control type="CheckBox" paramtype="inherit" text="Inherit LIB_ZURAKIGLOVES" tooltip="Make sure this is checked or your object won't work!" function="inherit LIB_ZURAKIGLOVES;" enable="false">
			<init>1</init>
		</control>
	</itemclass>
</deadsouls>
