﻿<?xml version="1.0" encoding="utf-8" ?>
<deadsouls>
  <!-- Describes the types of items that can be created. Also used for menu text -->
	<itemclasses>
		<!-- TODO Come up with a way of specifying which headers are included and objects are inherited -->
		<itemclassdeclaration id="Generic Item">item</itemclassdeclaration>
		<itemclassdeclaration id="Firearm">firearm</itemclassdeclaration>
		<itemclassdeclaration id="Ammo">ammo</itemclassdeclaration>
		<itemclassdeclaration id="Meal">meal</itemclassdeclaration>
    <itemclassdeclaration id="Keypad">keypad</itemclassdeclaration>
    <itemclassdeclaration id="Keycard">keycard</itemclassdeclaration>
    <itemclassdeclaration id="Cardswipe">cardswipe</itemclassdeclaration>
	</itemclasses>
	
	<!--
	-<itemclass> describes what types of controls and functions are dynamically generated
  
	-<control> describe a control's relation to the LPC function calls it generates
		-control types: CheckBox, CheckList, ComboSelection,  ListBuilder, MapBuilder, NumberEntry, TextEntry
  
	-<value> describes a value to be displayed in any list or combo boxes
  
  
  
	-functions are represented in the form of it's name and what control type will be used
	 to generate the text that goes between its parenteses
   
	<control type="" text="" tooltip="" function="">
	initalvalue or values
	</control>
	-->
	
	<itemclass class ="item">
		<control type="CheckBox" paramtype="inherit" text="Inherit LIB_ITEM" tooltip="Make sure this is checked or your object won't work!" function="inherit LIB_ITEM;" enable="false">
			<init>1</init>
		</control>
	</itemclass>
	
	<itemclass class="firearm">
		<control type="CheckBox" paramtype="inherit" text="Inherit LIB_FIREARM" tooltip="Make sure this is checked or your object won't work!" function="inherit LIB_FIREARM;" enable="false">
			<init>1</init>
		</control>
		<control type="CheckBox" paramtype="inherit" text="Inherit LIB_ITEM" tooltip="Make sure this is checked or your object won't work!" function="inherit LIB_ITEM;" enable="false">
			<init>0</init>
		</control>
		<control type="NumberEntry" min="0" max ="1000" inc="1"  text="Max Damage (Gun Class):" tooltip="The maxmimum damage, before modifiers, caused by fireing this weapon." function="SetGunClass" header="firearm.h">
			<init>25</init>
		</control>
		<control type="ComboSelectionTypeable" paramtype="string" text="Ammo Type:" tooltip="" function="SetAmmoClass">
			<init>...type here or select from list</init>
      <list>commonammotypes</list>
		</control>
		<control type="CheckList" paramtype="orlist" text="Gun Damage Type:" tooltip="" function="SetGunDamageType">
			<list>damagetypes</list>
		</control>
		<control type="ComboSelection" paramtype="raw" text="Gun Size:" tooltip="" function="SetGunSize">
			<value>GUNSIZE_NULL</value>
			<value>GUNSIZE_TINY</value>
			<value>GUNSIZE_SMALL</value>
			<value>GUNSIZE_MEDIUM</value>
			<value>GUNSIZE_LARGE</value>
			<value>GUNSIZE_HUGE</value>
			<value>GUNSIZE_MASSIVE</value>
			<value>GUNSIZE_RIDICULOUS</value>
			<value>GUNSIZE_WTF</value>
			<init>GUNSIZE_SMALL</init>
		</control>
		<control type="CheckList" paramtype="mapping" keytype="Strings" text="Attachments:" tooltip="" function="SetAcceptedAttachments">
			<value>&quot;Small Silencer&quot;</value>
			<value>&quot;Large Silencer&quot;</value>
			<value>&quot;Small Scope&quot;</value>
			<value>&quot;Large Scope&quot;</value>
		</control>
		<control type="CheckList" paramtype="orlist" text="Firemodes" tooltip="The firemodes in which the weapon can operate." function="SetCapableFireModes">
			<value flag="1">FIREMODE_SINGLE</value>
			<value>FIREMODE_SEMI_AUTO</value>
			<value>FIREMODE_BURST</value>
			<value>FIREMODE_USER</value>
		</control>
		<control type="NumberEntry" min="1" max="100" inc="1" text="User Firerate:" tooltip="The rate of fire if the weapon is in operating in FIREMODE_USER." function="SetUserRate">
			<init>4</init>
		</control>
		<control type="NumberEntry" min="1" max ="100" inc="1" text="Accuracy:" tooltip="Percentage chance that a shot will hit its target despite the shooter's accuracy." function="SetAccuracy">
			<init>85</init>
		</control>
		<control type="NumberEntry" min="1" max ="100" inc="1" text="Accuracy Dropoff" tooltip="Dropoff rate of accuracy after each successive shot within a single attack round." function="SetAccuracyDropoff">
			<init>10</init>
		</control>
		<control type="CheckBox" paramtype="number" text="Round Based" tooltip="Check if the weapon uses rounds instead of magazines." function="SetMagIsRound">
			<init>0</init>
		</control>
		<control type="NumberEntry" min="1" max="10000" inc="1" text="Max Rounds:" tooltip="If roundbased, mamimum rounds of ammo that can be held." function="SetMaxRounds">
		</control>
    <disable>inherit LIB_STORAGE;</disable>
	</itemclass>

	<itemclass class="ammo">
		<control type="CheckBox" paramtype="inherit" text="Inherit LIB_MAGAZINE" tooltip="Make sure this is checked or your object won't work!" function="inherit LIB_MAGAZINE;" enable="false">
			<init>1</init>
		</control>
		<control type="CheckBox" paramtype="inherit" text="Inherit LIB_ITEM" tooltip="Make sure this is checked or your object won't work!" function="inherit LIB_ITEM;" enable="false">
			<init>0</init>
		</control>
		<control type="ComboSelectionTypeable" paramtype="string" text="Ammo Type:" tooltip="" function="SetAmmoClass">
      <init>...type here or select from list</init>
      <list>commonammotypes</list>
		</control>
		<control type="NumberEntry" min="1" text="Max Ammo" tooltip="" function="SetMaxAmmo" header="firearm.h">
		<!-- make sure SetCurrentAmmo matches this -->
		<init>1</init>
		</control>
		<control type="CheckList" paramtype="orlist" text="Ammo Damage Type:" tooltip="" function="SetDamageTypeBonus">
			<list>damagetypes</list>
		</control>
		<control type="NumberEntry" min="0" max="1000" inc="1" text="Damage Bonus:" tooltip="" function="SetClassBonus">
			<init>0</init>
		</control>
		<control type="NumberEntry" min="0" max="100" inc="1"  text="Accuracy Bonus:" tooltip="" function="SetAccuracyBonus">
			<init>0</init>
		</control>
    <disable>inherit LIB_STORAGE;</disable>
	</itemclass>

	<itemclass class="meal">
		<control type="CheckBox" paramtype="inherit" text="Inherit LIB_ITEM" tooltip="Make sure this is checked or your object won't work!" function="inherit LIB_ITEM;" enable="false">
			<init>0</init>
		</control>
		<control type="CheckBox" paramtype="inherit" text="Inherit LIB_MEAL" tooltip="Make sure this is checked or your object won't work!" function="inherit LIB_MEAL;" enable="false">
			<init>1</init>
		</control>
		<control type ="CheckList" paramtype="orlist" text="Meal Types" tooltip="Identifies the type or types of nurishment the meal provides." function="SetMealType" header="meal_types.h">
			<list>mealtypes</list>
		</control>
		<control type="NumberEntry" min="0" max="1000" inc="1" text="Strength:" tooltip="The total effect that the meal will have on hp/st/poison/etc. It also determines the value of the item." function="SetStrength">
			<init>1</init>
		</control>
		<control type="ComboSelection" paramtype="string" text="Empty Item (usually for drinks):" tooltip="The item to be placed in the chacater's inventory when all of the meal has been consumed 9for example, an empty bottle." function="SetEmptyItem">
			<list>inventory</list>
		</control>
		<control type="TextEntry" paramtype="string" text="Name When Empty:" tooltip="" function="SetEmptyName">
			<init></init>
		</control>
		<control type="TextEntry" paramtype="string" text="Short Desc When Empty:" tooltip="" function="SetEmptyShort">
			<init></init>
		</control>
		<control type="TextEntry" paramtype="string" text="Long Desc When Empty:" tooltip="" function="SetEmptyLong">
			<init></init>
		</control>
		<control type="MultiParam" paramtype="MultiParam" text="Meal Message" tooltip="The message printed when the meal is consumed" function="SetMealMessages">
			<control type="TextEntry" subtype="param" paramtype="string" text="Player Message:" tooltip="" function="param1">
				<init>You consume your meal.</init>
			</control>
			<control type="TextEntry" subtype="param" paramtype="string" text="Room Message:" tooltip="" function="param2">
				<init>$N consumes $P meal.</init>
			</control>
		</control>
    <disable>SetClass</disable>
	</itemclass>

  <itemclass class="keypad">
    <control type="CheckBox" paramtype="inherit" text="Inherit LIB_ITEM" tooltip="Make sure this is checked or your object won't work!" function="inherit LIB_ITEM;" enable="false">
      <init>0</init>
    </control>
    <control type="CheckBox" paramtype="inherit" text="Inherit DERIVED_KEYPAD" tooltip="Make sure this is checked or your object won't work!" function="inherit DERIVED_KEYPAD;" enable="false">
      <init>1</init>
    </control>
    <control type="TextEntry" paramtype="string" text="Required Password:" tooltip="The password that needs to be typed to unlock the object attached to this." function="SetPassword">
      <init></init>
    </control>
    <control type="TextEntry" paramtype="string" text="Object Name:" tooltip="" function="SetObjectName">
      <init></init>
    </control>
    <control type="NumberEntry" min="0" max="100" inc="1" text="Hack Difficulty:" tooltip="" function="SetHackDC">
      <init>15</init>
    </control>
    <disable>SetKeyName</disable>
    <disable>SetShort</disable>
    <disable>SetLong</disable>
    <disable>SetId</disable>
    <disable>SetAdjectives</disable>
    <disable>SetPreventGet</disable>
    <disable>SetPreventPut</disable>
    <disable>SetPreventDrop</disable>
    <disable>SetClass</disable>
    <disable>SetHands</disable>
    <disable>SetDamagePoints</disable>
    <disable>SetWeaponType</disable>
    <disable>SetDamageType</disable>
    <disable>SetWieldLevel</disable>
    <disable>SetWield</disable>
  </itemclass>


  <itemclass class="cardswipe">
    <control type="CheckBox" paramtype="inherit" text="Inherit LIB_ITEM" tooltip="Make sure this is checked or your object won't work!" function="inherit LIB_ITEM;" enable="false">
      <init>0</init>
    </control>
    <control type="CheckBox" paramtype="inherit" text="Inherit DERIVED_CARDSWIPE" tooltip="Make sure this is checked or your object won't work!" function="inherit DERIVED_CARDSWIPE;" enable="false">
      <init>1</init>
    </control>
    <control type="TextEntry" paramtype="string" text="Required Password:" tooltip="The password that needs to be typed to unlock the object attached to this." function="SetPassword">
      <init></init>
    </control>
    <control type="TextEntry" paramtype="string" text="Object Name:" tooltip="" function="SetObjectName">
      <init></init>
    </control>
    <control type="NumberEntry" min="0" max="100" inc="1" text="Hack Difficulty:" tooltip="" function="SetHackDC">
      <init>15</init>
    </control>
    <disable>SetKeyName</disable>
    <disable>SetShort</disable>
    <disable>SetLong</disable>
    <disable>SetId</disable>
    <disable>SetAdjectives</disable>
    <disable>SetPreventGet</disable>
    <disable>SetPreventPut</disable>
    <disable>SetPreventDrop</disable>
    <disable>SetClass</disable>
    <disable>SetHands</disable>
    <disable>SetDamagePoints</disable>
    <disable>SetWeaponType</disable>
    <disable>SetDamageType</disable>
    <disable>SetWieldLevel</disable>
    <disable>SetWield</disable>
  </itemclass>

  <itemclass class="keycard">
    <control type="CheckBox" paramtype="inherit" text="Inherit LIB_ITEM" tooltip="Make sure this is checked or your object won't work!" function="inherit LIB_ITEM;" enable="false">
      <init>0</init>
    </control>
    <control type="CheckBox" paramtype="inherit" text="Inherit LIB_KEYCARD" tooltip="Make sure this is checked or your object won't work!" function="inherit LIB_KEYCARD;" enable="false">
      <init>1</init>
    </control>
    <control type="TextEntry" paramtype="string" text="Stored Password:" tooltip="The password that needs to be typed to unlock the object attached to this." function="SetCode">
      <init></init>
    </control>
  </itemclass>
  
</deadsouls>
