<?xml version="1.0" encoding="utf-8" ?>
<domain name="basictraining" >
	<lpc name="include.h" type="header" />
	<directory name="room">
		<lpc name="start.c" type="roomfile" x="134" y="669" icon="Domain Entrance / Exit"/>
		<lpc name="gettingaround.c" type="roomfile" x="218" y="668" icon="default"/>
		<lpc name="basictalk.c" type="roomfile" x="289" y="602" icon="default"/>
		<lpc name="advancedtalk.c" type="roomfile" x="369" y="601" icon="default"/>
		<lpc name="shopping.c" type="roomfile" x="369" y="757" icon="Armor Shop"/>
		<lpc name="eating.c" type="roomfile" x="369" y="677" icon="Food"/>
		<lpc name="wearingwielding.c" type="roomfile" x="442" y="825" icon="default"/>
		<lpc name="firingrange.c" type="roomfile" x="520" y="827" icon="Weapon Shop"/>
		<lpc name="doors.c" type="roomfile" x="591" y="757" icon="default"/>
		<lpc name="keypads.c" type="roomfile" x="589" y="676" icon="default"/>
		<lpc name="intersection.c" type="roomfile" x="590" y="600" icon="default"/>
		<lpc name="keyroom.c" type="roomfile" x="668" y="600" icon="default"/>
		<lpc name="cardroom.c" type="roomfile" x="513" y="598" icon="default"/>
		<lpc name="emptyroom.c" type="roomfile" x="514" y="522" icon="default"/>
		<lpc name="suitup.c" type="roomfile" x="590" y="523" icon="default"/>
		<lpc name="airlock1.c" type="roomfile" x="590" y="447" icon="default"/>
		<lpc name="space.c" type="roomfile" x="591" y="368" icon="It's a trap!"/>
		<lpc name="station_s.c" type="roomfile" x="591" y="199" icon="default"/>
		<lpc name="station_w.c" type="roomfile" x="504" y="113" icon="default"/>
		<lpc name="station_e.c" type="roomfile" x="674" y="114" icon="Hidden Room"/>
		<lpc name="station_n.c" type="roomfile" x="589" y="29" icon="default"/>
		<lpc name="station_d.c" type="roomfile" x="589" y="114" icon="Up / down"/>
		<lpc name="station_u.c" type="roomfile" x="374" y="224" icon="Up / down"/>
		<lpc name="ventshaft.c" type="roomfile" x="255" y="302" icon="default"/>
		<lpc name="hallway.c" type="roomfile" x="254" y="376" icon="default"/>
		<lpc name="otherside.c" type="roomfile" x="169" y="377" icon="default"/>
		<lpc name="warpgate.c" type="roomfile" x="87" y="378" icon="Warpgate"/>
		<lpc name="space_e.c" type="roomfile" x="676" y="283" icon="It's a trap!"/>
		<lpc name="space_w.c" type="roomfile" x="503" y="284" icon="It's a trap!"/>
		<lpc name="space_nw.c" type="roomfile" x="504" y="199" icon="It's a trap!"/>
		<lpc name="space_ne.c" type="roomfile" x="675" y="199" icon="It's a trap!"/>
		<lpc name="space_s.c" type="roomfile" x="589" y="282" icon="It's a trap!"/>
		<lpc name="space_se.c" type="roomfile" x="674" y="367" icon="It's a trap!"/>
		<lpc name="space_sw.c" type="roomfile" x="503" y="369" icon="It's a trap!"/>
		<lpc name="catwalk.c" type="roomfile" x="254" y="225" icon="default"/>
		<lpc name="catwalk2.c" type="roomfile" x="138" y="225" icon="default"/>
		<lpc name="vendor_store.c" type="roomfile" x="269" y="795" icon="Hidden Room"/>
	</directory>
	<directory name="doors">
		<lpc name="trainingdoor_1" type="inventory" class="door" />
		<lpc name="keypad_door" type="inventory" class="door" />
		<lpc name="locked_door" type="inventory" class="door" />
		<lpc name="south_airlock" type="inventory" class="door" />
		<lpc name="north_airlock" type="inventory" class="door" />
		<lpc name="old_door" type="inventory" class="door" />
		<lpc name="keycard_door" type="inventory" class="door" />
		<lpc name="hal_door" type="inventory" class="door" />
		<lpc name="hendricks_door" type="inventory" class="door" />
	</directory>
	<directory name="inventory">
		<lpc name="schrodinger" type="inventory" class="npc" />
		<lpc name="training_keycard" type="inventory" class="object" />
		<lpc name="maintenance_key" type="inventory" class="object" />
		<lpc name="locker" type="inventory" class="object" />
		<lpc name="keyhook" type="inventory" class="object" />
		<lpc name="cardreader" type="inventory" class="object" />
		<lpc name="keypad" type="inventory" class="object" />
		<lpc name="hendricks" type="inventory" class="npc" />
		<lpc name="ralph" type="inventory" class="npc" />
		<lpc name="dummy" type="inventory" class="npc" />
		<lpc name="food_vendor" type="inventory" class="npc" />
		<lpc name="clothes_vendor" type="inventory" class="npc" />
		<lpc name="empty_locker" type="inventory" class="object" />
	</directory>
	<directory name="references">
		<ref name="locked" />
		<ref name="stellarmass" />
	</directory>
</domain>
