<?xml version="1.0" encoding="utf-8" ?>
<domain name="CelestrialGarden" >
	<lpc name="include.h" type="header" />
	<directory name="room">
		<lpc name="start.c" type="roomfile" x="835" y="354" icon="Domain Entrance / Exit"/>
		<lpc name="into_the_garden.c" type="roomfile" x="744" y="353" icon="default"/>
		<lpc name="a_split_in_the_path.c" type="roomfile" x="647" y="354" icon="default"/>
		<lpc name="the_rocket_ship_playground.c" type="roomfile" x="647" y="229" icon="default"/>
		<lpc name="the_picnic_area.c" type="roomfile" x="647" y="39" icon="Food"/>
		<lpc name="the_star_fountain.c" type="roomfile" x="647" y="135" icon="Interest"/>
		<lpc name="the_hanging_gardens.c" type="roomfile" x="552" y="133" icon="default"/>
		<lpc name="the_flowering_gazebo.c" type="roomfile" x="741" y="132" icon="default"/>
		<lpc name="the_flower_patch.c" type="roomfile" x="558" y="353" icon="default"/>
		<lpc name="entering_the_woods.c" type="roomfile" x="467" y="353" icon="default"/>
		<lpc name="a_berry_patch.c" type="roomfile" x="467" y="447" icon="default"/>
		<lpc name="a_secluded_spot.c" type="roomfile" x="372" y="447" icon="default"/>
		<lpc name="a_grove_of_fruit_trees.c" type="roomfile" x="559" y="539" icon="default"/>
		<lpc name="the_herb_patch.c" type="roomfile" x="648" y="451" icon="default"/>
		<lpc name="the_giant_tree.c" type="roomfile" x="387" y="274" icon="Interest"/>
		<lpc name="the_wooded_clearing.c" type="roomfile" x="308" y="198" icon="default"/>
		<lpc name="angry_cursing.c" type="roomfile" x="215" y="198" icon="default"/>
		<lpc name="the_angry_gardeners_shack.c" type="roomfile" x="215" y="118" icon="Final Boss"/>
		<lpc name="shack.c" type="roomfile" x="129" y="117" icon="Interest"/>
	</directory>
	<directory name="doors">
	</directory>
	<directory name="inventory">
		<lpc name="artist" type="inventory" class="npc" />
		<lpc name="ArtistSmock" type="inventory" class="armor" />
		<lpc name="turpentine" type="inventory" class="meal" />
		<lpc name="burger" type="inventory" class="meal" />
		<lpc name="porkchop" type="inventory" class="meal" />
		<lpc name="corndog" type="inventory" class="meal" />
		<lpc name="hotdog" type="inventory" class="meal" />
		<lpc name="CheeseFries" type="inventory" class="meal" />
		<lpc name="soda" type="inventory" class="meal" />
		<lpc name="lemonade" type="inventory" class="meal" />
		<lpc name="Hurak" type="inventory" class="npc" />
		<lpc name="spacebee" type="inventory" class="npc" />
		<lpc name="puffle" type="inventory" class="npc" />
		<lpc name="glidder" type="inventory" class="npc" />
		<lpc name="shovel" type="inventory" class="weapon" />
		<lpc name="StrawHat" type="inventory" class="armor" />
		<lpc name="RuggedOveralls" type="inventory" class="armor" />
		<lpc name="EmptyBottle" type="inventory" class="object" />
		<lpc name="moonshine" type="inventory" class="meal" />
		<lpc name="emptycup" type="inventory" class="object" />
		<lpc name="AngryGardener" type="inventory" class="npc" />
		<lpc name="swingset" type="inventory" class="object" />
		<lpc name="statue" type="inventory" class="object" />
		<lpc name="pool" type="inventory" class="object" />
		<lpc name="marigold" type="inventory" class="object" />
		<lpc name="daisy" type="inventory" class="object" />
		<lpc name="rose" type="inventory" class="object" />
		<lpc name="morningglory" type="inventory" class="object" />
		<lpc name="planter" type="inventory" class="object" />
		<lpc name="mangledplant" type="inventory" class="object" />
		<lpc name="herb_tangrit" type="inventory" class="meal" />
		<lpc name="herb_gork" type="inventory" class="meal" />
		<lpc name="herb_pepperjack" type="inventory" class="meal" />
		<lpc name="herb_frizzle" type="inventory" class="meal" />
		<lpc name="fruit_apple" type="inventory" class="meal" />
		<lpc name="fruit_pear" type="inventory" class="meal" />
		<lpc name="fruit_ZG" type="inventory" class="meal" />
		<lpc name="fruit_melon" type="inventory" class="meal" />
		<lpc name="berry_blue" type="inventory" class="meal" />
		<lpc name="berry_marshmallow" type="inventory" class="meal" />
		<lpc name="berry_kizz" type="inventory" class="meal" />
		<lpc name="berry_peeka" type="inventory" class="meal" />
		<lpc name="Herb_Patch" type="inventory" class="object" />
		<lpc name="Fruit_Basket" type="inventory" class="object" />
		<lpc name="berry_bush" type="inventory" class="object" />
		<lpc name="rugged_boots" type="inventory" class="armor" />
		<lpc name="pitchfork" type="inventory" class="weapon" />
		<lpc name="magazine" type="inventory" class="object" />
		<lpc name="sunshine" type="inventory" class="meal" />
		<lpc name="cupboard" type="inventory" class="object" />
	</directory>
	<directory name="references">
		<ref name="locked" />
		<ref name="stellarmass" />
	</directory>
</domain>
