<?xml version="1.0" encoding="utf-8" ?>
<domain name="common" >
	<lpc name="include.h" type="header" />
	<directory name="room">
		<lpc name="start.c" type="roomfile" x="69" y="85" icon="default"/>
	</directory>
	<directory name="doors">
	</directory>
	<directory name="inventory">
		<lpc name="space_flea" type="inventory" class="npc" />
		<lpc name="hiploid" type="inventory" class="npc" />
		<lpc name="spaceworm" type="inventory" class="npc" />
		<lpc name="gsp_pistol" type="inventory" class="weapon" />
		<lpc name="stunbaton" type="inventory" class="weapon" />
		<lpc name="denizen" type="inventory" class="npc" />
		<lpc name="gsp_officer" type="inventory" class="npc" />
		<lpc name="gsp_uniform" type="inventory" class="armor" />
		<lpc name="leather_chair" type="inventory" class="object" />
		<lpc name="simple_chair" type="inventory" class="object" />
		<lpc name="stone_bench" type="inventory" class="object" />
		<lpc name="wooden_bench" type="inventory" class="object" />
	</directory>
	<directory name="references">
	</directory>
</domain>
