<?xml version="1.0" encoding="utf-8" ?>
<domain name="severapass" >
	<lpc name="include.h" type="header" />
	<directory name="room">
		<lpc name="warpgate.c" type="roomfile" x="448" y="221" icon="Warpgate"/>
		<lpc name="EnteringTheStreets.c" type="roomfile" x="450" y="342" icon="default"/>
		<lpc name="LawOffice.c" type="roomfile" x="450" y="459" icon="Law office"/>
		<lpc name="Hospital.c" type="roomfile" x="329" y="459" icon="Hospital"/>
		<lpc name="Saloon.c" type="roomfile" x="566" y="460" icon="Bar"/>
		<lpc name="GunShop.c" type="roomfile" x="677" y="336" icon="Weapon Shop"/>
		<lpc name="GeneralWeapons.c" type="roomfile" x="677" y="106" icon="Weapon Shop"/>
		<lpc name="clothing.c" type="roomfile" x="783" y="221" icon="Clothing Store"/>
		<lpc name="EastSevera.c" type="roomfile" x="566" y="342" icon="default"/>
		<lpc name="gates.c" type="roomfile" x="445" y="57" icon="Domain Entrance / Exit"/>
		<lpc name="WestShopping.c" type="roomfile" x="329" y="223" icon="default"/>
		<lpc name="EastShopping.c" type="roomfile" x="566" y="221" icon="default"/>
		<lpc name="EastCrossroads.c" type="roomfile" x="678" y="221" icon="default"/>
		<lpc name="WestCrossroads.c" type="roomfile" x="208" y="223" icon="default"/>
		<lpc name="Pets.c" type="roomfile" x="208" y="116" icon="Pet Shop"/>
		<lpc name="Pawn.c" type="roomfile" x="104" y="223" icon="Pawnshop"/>
		<lpc name="General.c" type="roomfile" x="208" y="335" icon="General Store"/>
		<lpc name="holdingcells.c" type="roomfile" x="450" y="568" icon="Interest"/>
		<lpc name="ClancyStorage.c" type="roomfile" x="207" y="425" icon="default"/>
		<lpc name="EastwoodStorage.c" type="roomfile" x="676" y="28" icon="default"/>
		<lpc name="ClintStorage.c" type="roomfile" x="677" y="454" icon="default"/>
		<lpc name="BrooksStorage.c" type="roomfile" x="21" y="225" icon="default"/>
		<lpc name="LeeahStorage.c" type="roomfile" x="208" y="34" icon="default"/>
		<lpc name="RoskyStorage.c" type="roomfile" x="862" y="220" icon="default"/>
		<lpc name="WestSevera.c" type="roomfile" x="329" y="342" icon="default"/>
	</directory>
	<directory name="doors">
	</directory>
	<directory name="inventory">
		<lpc name="backpack" type="inventory" class="object" />
		<lpc name="match" type="inventory" class="object" />
		<lpc name="matchbox" type="inventory" class="object" />
		<lpc name="cigarettes" type="inventory" class="object" />
		<lpc name="honeyjar" type="inventory" class="meal" />
		<lpc name="trailbread" type="inventory" class="meal" />
		<lpc name="spam" type="inventory" class="meal" />
		<lpc name="driedmeat" type="inventory" class="meal" />
		<lpc name="empty_glass" type="inventory" class="object" />
		<lpc name="empty_bottle" type="inventory" class="object" />
		<lpc name="Doc_Jones" type="inventory" class="npc" />
		<lpc name="white_lightning" type="inventory" class="meal" />
		<lpc name="beer" type="inventory" class="meal" />
		<lpc name="scotch" type="inventory" class="meal" />
		<lpc name="whiskey" type="inventory" class="meal" />
		<lpc name="sass" type="inventory" class="meal" />
		<lpc name="beer_fries" type="inventory" class="meal" />
		<lpc name="steak" type="inventory" class="meal" />
		<lpc name="Jessie" type="inventory" class="npc" />
		<lpc name="dark_duster" type="inventory" class="armor" />
		<lpc name="black_pants" type="inventory" class="armor" />
		<lpc name="cowboy_hat" type="inventory" class="armor" />
		<lpc name="TownLookout" type="inventory" class="npc" />
		<lpc name="map" type="inventory" class="object" />
		<lpc name="Clancy" type="inventory" class="npc" />
		<lpc name="paisleyban" type="inventory" class="armor" />
		<lpc name="cloak" type="inventory" class="armor" />
		<lpc name="sunglasses" type="inventory" class="armor" />
		<lpc name="leatherchaps" type="inventory" class="armor" />
		<lpc name="shadyhat" type="inventory" class="armor" />
		<lpc name="FancyVest" type="inventory" class="armor" />
		<lpc name="AdBelt" type="inventory" class="armor" />
		<lpc name="HikingBoot" type="inventory" class="armor" />
		<lpc name="Tosky" type="inventory" class="npc" />
		<lpc name="Negotiator" type="inventory" class="weapon" />
		<lpc name="CrossBolt" type="inventory" class="weapon" />
		<lpc name="crossbow" type="inventory" class="weapon" />
		<lpc name="shotgun_sawnoff" type="inventory" class="weapon" />
		<lpc name="Bowie_Knife" type="inventory" class="weapon" />
		<lpc name="Clint" type="inventory" class="npc" />
		<lpc name="Eastwood" type="inventory" class="npc" />
		<lpc name="Rosky" type="inventory" class="npc" />
		<lpc name="machete" type="inventory" class="weapon" />
		<lpc name="Trav_Staff" type="inventory" class="weapon" />
		<lpc name="swordcane" type="inventory" class="weapon" />
		<lpc name="ripper" type="inventory" class="object" />
		<lpc name="Plasma_Rifle" type="inventory" class="weapon" />
		<lpc name="High_Wall_Rifle" type="inventory" class="weapon" />
		<lpc name="blackpowderammo" type="inventory" class="weapon" />
		<lpc name="Flintlock_Rifle" type="inventory" class="weapon" />
		<lpc name="sixshooterclip" type="inventory" class="weapon" />
		<lpc name="Six_Shooter" type="inventory" class="weapon" />
		<lpc name="Brooks" type="inventory" class="npc" />
		<lpc name="Leeah" type="inventory" class="npc" />
		<lpc name="DurtyJoeBandanna" type="inventory" class="object" />
		<lpc name="DurtyJoe" type="inventory" class="npc" />
		<lpc name="Magic8Ball" type="inventory" class="object" />
		<lpc name="RockingChair" type="inventory" class="object" />
		<lpc name="Bounder" type="inventory" class="npc" />
		<lpc name="Poncho" type="inventory" class="armor" />
		<lpc name="Roland" type="inventory" class="npc" />
		<lpc name="OakDesk" type="inventory" class="object" />
		<lpc name="LawmanStar" type="inventory" class="armor" />
		<lpc name="Annabelle" type="inventory" class="npc" />
		<lpc name="Dusty" type="inventory" class="npc" />
	</directory>
	<directory name="references">
		<ref name="locked" />
		<ref name="stellarmass" />
	</directory>
</domain>
