<?xml version="1.0" encoding="utf-8" ?>
<domain name="warppoint" >
	<lpc name="include.h" type="header" />
	<directory name="room">
		<lpc name="start.c" type="roomfile" x="530" y="171" icon="Hospital"/>
		<lpc name="northmeetsseco.c" type="roomfile" x="459" y="174" icon="default"/>
		<lpc name="northstreet1.c" type="roomfile" x="389" y="173" icon="default"/>
		<lpc name="northmeetsmain.c" type="roomfile" x="268" y="172" icon="default"/>
		<lpc name="endofnorthstreet.c" type="roomfile" x="203" y="174" icon="default"/>
		<lpc name="mainstreet1.c" type="roomfile" x="268" y="240" icon="Lounge"/>
		<lpc name="mainstreet2.c" type="roomfile" x="267" y="303" icon="default"/>
		<lpc name="mainstreetintersection.c" type="roomfile" x="267" y="373" icon="default"/>
		<lpc name="alley.c" type="roomfile" x="333" y="374" icon="default"/>
		<lpc name="secostreet1.c" type="roomfile" x="458" y="236" icon="default"/>
		<lpc name="secostreet2.c" type="roomfile" x="458" y="299" icon="default"/>
		<lpc name="secostreet3.c" type="roomfile" x="458" y="365" icon="default"/>
		<lpc name="mainmeetssagan.c" type="roomfile" x="268" y="433" icon="default"/>
		<lpc name="saganway1.c" type="roomfile" x="391" y="431" icon="default"/>
		<lpc name="saganway2.c" type="roomfile" x="333" y="432" icon="default"/>
		<lpc name="clothingstore.c" type="roomfile" x="392" y="371" icon="Clothing Store"/>
		<lpc name="weaponshop.c" type="roomfile" x="204" y="115" icon="Weapon Shop"/>
		<lpc name="armorshop.c" type="roomfile" x="146" y="114" icon="Armor Shop"/>
		<lpc name="bladesshop.c" type="roomfile" x="203" y="233" icon="Weapon Shop"/>
		<lpc name="clothingwarehouse.c" type="roomfile" x="398" y="298" icon="Hidden Room"/>
		<lpc name="weaponwarehouse.c" type="roomfile" x="204" y="40" icon="Hidden Room"/>
		<lpc name="bladewarehouse.c" type="roomfile" x="144" y="243" icon="Hidden Room"/>
		<lpc name="armorwarehouse.c" type="roomfile" x="145" y="40" icon="Hidden Room"/>
		<lpc name="flowershop.c" type="roomfile" x="389" y="236" icon="General Store"/>
		<lpc name="petshop.c" type="roomfile" x="388" y="112" icon="Pet Shop"/>
		<lpc name="noteboard.c" type="roomfile" x="101" y="175" icon="Lounge"/>
		<lpc name="stationlane1.c" type="roomfile" x="209" y="373" icon="default"/>
		<lpc name="stationentry.c" type="roomfile" x="151" y="373" icon="default"/>
		<lpc name="generalstore.c" type="roomfile" x="150" y="308" icon="General Store"/>
		<lpc name="generalwarehouse.c" type="roomfile" x="78" y="278" icon="Hidden Room"/>
		<lpc name="stationboarding.c" type="roomfile" x="89" y="418" icon="Domain Entrance / Exit"/>
		<lpc name="warpgate.c" type="roomfile" x="841" y="650" icon="Warpgate"/>
		<lpc name="garka1.c" type="roomfile" x="777" y="650" icon="default"/>
		<lpc name="lockers.c" type="roomfile" x="776" y="716" icon="Interest"/>
		<lpc name="vehicleshop.c" type="roomfile" x="777" y="584" icon="Vehicle Shop"/>
		<lpc name="garka2.c" type="roomfile" x="719" y="650" icon="default"/>
		<lpc name="garkameetscelcial.c" type="roomfile" x="664" y="650" icon="default"/>
		<lpc name="temple.c" type="roomfile" x="664" y="530" icon="Hospital"/>
		<lpc name="gardengates.c" type="roomfile" x="608" y="589" icon="default"/>
		<lpc name="celestia1.c" type="roomfile" x="664" y="589" icon="default"/>
		<lpc name="celestia2.c" type="roomfile" x="664" y="709" icon="default"/>
		<lpc name="topsideelevator.c" type="roomfile" x="608" y="766" icon="default"/>
		<lpc name="bottomsideeleveator.c" type="roomfile" x="128" y="708" icon="default"/>
		<lpc name="destine1.c" type="roomfile" x="195" y="708" icon="default"/>
		<lpc name="destinemeetskismet.c" type="roomfile" x="259" y="707" icon="default"/>
		<lpc name="kismet1.c" type="roomfile" x="260" y="646" icon="default"/>
		<lpc name="endofkismet.c" type="roomfile" x="259" y="767" icon="default"/>
		<lpc name="zegersproperty.c" type="roomfile" x="259" y="824" icon="Domain Entrance / Exit"/>
		<lpc name="innercity.c" type="roomfile" x="320" y="707" icon="default"/>
		<lpc name="ombrusalley.c" type="roomfile" x="260" y="582" icon="Pawnshop"/>
		<lpc name="clubstreet.c" type="roomfile" x="321" y="646" icon="default"/>
		<lpc name="outsideclub.c" type="roomfile" x="381" y="645" icon="default"/>
		<lpc name="abandenedroom.c" type="roomfile" x="333" y="305" icon="Interest"/>
		<lpc name="clubentrance.c" type="roomfile" x="777" y="405" icon="default"/>
		<lpc name="stage.c" type="roomfile" x="776" y="285" icon="default"/>
		<lpc name="dancefloor.c" type="roomfile" x="776" y="344" icon="default"/>
		<lpc name="room065.c" type="roomfile" x="716" y="345" icon="default"/>
		<lpc name="raveentrance.c" type="roomfile" x="838" y="343" icon="default"/>
		<lpc name="heightofrave.c" type="roomfile" x="892" y="289" icon="default"/>
		<lpc name="cooldownroom.c" type="roomfile" x="893" y="227" icon="default"/>
		<lpc name="gamblingroom.c" type="roomfile" x="662" y="290" icon="default"/>
		<lpc name="clubtables.c" type="roomfile" x="597" y="290" icon="Lounge"/>
		<lpc name="bar.c" type="roomfile" x="662" y="224" icon="default"/>
		<lpc name="flowershopwarehouse.c" type="roomfile" x="332" y="240" icon="Hidden Room"/>
		<lpc name="ombruwarehouse.c" type="roomfile" x="195" y="580" icon="Hidden Room"/>
		<lpc name="moonbusstation.c" type="roomfile" x="606" y="650" icon="Domain Entrance / Exit"/>
		<lpc name="pawnshop.c" type="roomfile" x="392" y="498" icon="Pawnshop"/>
		<lpc name="pawnwarehouse.c" type="roomfile" x="465" y="452" icon="Hidden Room"/>
		<lpc name="mailroom.c" type="roomfile" x="532" y="381" icon="Interest"/>
		<lpc name="elevator_shaft_2.c" type="roomfile" x="334" y="498" icon="Up / down"/>
		<lpc name="elevator_shaft_3.c" type="roomfile" x="542" y="765" icon="Up / down"/>
		<lpc name="elevator_shaft_1.c" type="roomfile" x="63" y="709" icon="Up / down"/>
		<lpc name="northstreet2.c" type="roomfile" x="328" y="174" icon="default"/>
	</directory>
	<directory name="doors">
		<lpc name="alley_door" type="inventory" class="door" />
		<lpc name="eledoor1" type="inventory" class="door" />
		<lpc name="eledoor2" type="inventory" class="door" />
		<lpc name="eledoor3" type="inventory" class="door" />
	</directory>
	<directory name="inventory">
		<lpc name="ken" type="inventory" class="npc" />
		<lpc name="kage" type="inventory" class="npc" />
		<lpc name="flower" type="inventory" class="npc" />
		<lpc name="sherple" type="inventory" class="npc" />
		<lpc name="mercytears" type="inventory" class="meal" />
		<lpc name="spiceweed" type="inventory" class="meal" />
		<lpc name="beaconfungus" type="inventory" class="object" />
		<lpc name="smilingdaisy" type="inventory" class="armor" />
		<lpc name="starroses" type="inventory" class="object" />
		<lpc name="sugarcactus" type="inventory" class="meal" />
		<lpc name="longstemmrose" type="inventory" class="armor" />
		<lpc name="daisyring" type="inventory" class="armor" />
		<lpc name="juvrafruit" type="inventory" class="object" />
		<lpc name="daisychain" type="inventory" class="armor" />
		<lpc name="teacupdaffodil" type="inventory" class="object" />
		<lpc name="kain" type="inventory" class="npc" />
		<lpc name="drbuilding" type="inventory" class="npc" />
		<lpc name="phasedraygun" type="inventory" class="weapon" />
		<lpc name="toby" type="inventory" class="npc" />
		<lpc name="ombru" type="inventory" class="npc" />
		<lpc name="rual" type="inventory" class="npc" />
		<lpc name="chovek" type="inventory" class="npc" />
		<lpc name="kyo" type="inventory" class="npc" />
		<lpc name="nereth" type="inventory" class="npc" />
		<lpc name="glownecklace" type="inventory" class="armor" />
		<lpc name="glowbracelet" type="inventory" class="armor" />
		<lpc name="glowanklet" type="inventory" class="armor" />
		<lpc name="glowstick" type="inventory" class="object" />
		<lpc name="crystal" type="inventory" class="npc" />
		<lpc name="errith" type="inventory" class="npc" />
		<lpc name="geneen" type="inventory" class="npc" />
		<lpc name="lazurus" type="inventory" class="npc" />
		<lpc name="yzke" type="inventory" class="npc" />
		<lpc name="kens_guncase" type="inventory" class="object" />
		<lpc name="reflectingpool" type="inventory" class="object" />
		<lpc name="bouncer" type="inventory" class="npc" />
		<lpc name="shady_person" type="inventory" class="npc" />
	</directory>
	<directory name="references">
		<ref name="locked" />
		<ref name="stellarmass" />
		<ref name="common" />
	</directory>
</domain>
