<?xml version="1.0" encoding="utf-8" ?>
<domain name="korenue_underworld" >
	<lpc name="include.h" type="header" />
	<directory name="room">
		<lpc name="start.c" type="roomfile" x="50" y="167" icon="Domain Entrance / Exit"/>
		<lpc name="room000.c" type="roomfile" x="114" y="167" icon="default"/>
		<lpc name="room001.c" type="roomfile" x="114" y="233" icon="default"/>
		<lpc name="room002.c" type="roomfile" x="115" y="106" icon="default"/>
		<lpc name="room003.c" type="roomfile" x="177" y="106" icon="It's a trap!"/>
		<lpc name="room004.c" type="roomfile" x="173" y="233" icon="Food"/>
		<lpc name="room006.c" type="roomfile" x="114" y="302" icon="default"/>
		<lpc name="room007.c" type="roomfile" x="174" y="302" icon="default"/>
		<lpc name="room008.c" type="roomfile" x="236" y="303" icon="default"/>
		<lpc name="room009.c" type="roomfile" x="236" y="233" icon="default"/>
		<lpc name="room010.c" type="roomfile" x="235" y="106" icon="It's a trap!"/>
		<lpc name="room011.c" type="roomfile" x="300" y="302" icon="default"/>
		<lpc name="room012.c" type="roomfile" x="301" y="232" icon="default"/>
		<lpc name="room013.c" type="roomfile" x="300" y="170" icon="default"/>
		<lpc name="room014.c" type="roomfile" x="363" y="169" icon="default"/>
		<lpc name="room015.c" type="roomfile" x="299" y="107" icon="default"/>
		<lpc name="room016.c" type="roomfile" x="419" y="226" icon="default"/>
		<lpc name="room017.c" type="roomfile" x="478" y="226" icon="default"/>
		<lpc name="room018.c" type="roomfile" x="477" y="164" icon="default"/>
		<lpc name="room019.c" type="roomfile" x="477" y="100" icon="It's a trap!"/>
		<lpc name="room020.c" type="roomfile" x="477" y="301" icon="default"/>
		<lpc name="room023.c" type="roomfile" x="569" y="164" icon="Bar"/>
		<lpc name="room024.c" type="roomfile" x="387" y="302" icon="Weapon Shop"/>
		<lpc name="bank.c" type="roomfile" x="569" y="301" icon="Bank"/>
		<lpc name="hosiptal.c" type="roomfile" x="570" y="227" icon="Hospital"/>
		<lpc name="rowrick_warehouse.c" type="roomfile" x="388" y="378" icon="Hidden Room"/>
	</directory>
	<directory name="doors">
	</directory>
	<directory name="inventory">
		<lpc name="lowlife" type="inventory" class="npc" />
		<lpc name="dr_morbis" type="inventory" class="npc" />
		<lpc name="rowrick" type="inventory" class="npc" />
                <lpc name="radio_sixshooterclip" type="inventory" class="weapon" />
	</directory>
	<directory name="references">
		<ref name="common" />
		<ref name="stellarmass" />
		<ref name="korenue_business" />
	</directory>
</domain>
