<?xml version="1.0" encoding="utf-8" ?>
<domain name="korenue_residential" >
	<lpc name="include.h" type="header" />
	<directory name="room">
		<lpc name="start.c" type="roomfile" x="340" y="516" icon="Domain Entrance / Exit"/>
		<lpc name="room000.c" type="roomfile" x="339" y="387" icon="default"/>
		<lpc name="room001.c" type="roomfile" x="340" y="322" icon="default"/>
		<lpc name="room003.c" type="roomfile" x="229" y="322" icon="default"/>
		<lpc name="room006.c" type="roomfile" x="227" y="388" icon="default"/>
		<lpc name="room007.c" type="roomfile" x="164" y="451" icon="default"/>
		<lpc name="room010.c" type="roomfile" x="73" y="351" icon="default"/>
		<lpc name="room012.c" type="roomfile" x="166" y="260" icon="default"/>
		<lpc name="room013.c" type="roomfile" x="419" y="323" icon="default"/>
		<lpc name="room014.c" type="roomfile" x="418" y="387" icon="default"/>
		<lpc name="room015.c" type="roomfile" x="408" y="254" icon="default"/>
		<lpc name="room017.c" type="roomfile" x="486" y="324" icon="Interest"/>
		<lpc name="room018.c" type="roomfile" x="339" y="187" icon="default"/>
		<lpc name="room020.c" type="roomfile" x="271" y="254" icon="default"/>
	</directory>
	<directory name="doors">
	</directory>
	<directory name="inventory">
	</directory>
	<directory name="references">
	</directory>
</domain>
