<?xml version="1.0" encoding="utf-8" ?>
<domain name="korenue_gangland" >
	<lpc name="include.h" type="header" />
	<directory name="room">
		<lpc name="start.c" type="roomfile" x="602" y="299" icon="Domain Entrance / Exit"/>
		<lpc name="room000.c" type="roomfile" x="443" y="299" icon="default"/>
		<lpc name="room001.c" type="roomfile" x="370" y="298" icon="default"/>
		<lpc name="room002.c" type="roomfile" x="298" y="299" icon="default"/>
		<lpc name="room003.c" type="roomfile" x="442" y="227" icon="default"/>
		<lpc name="room004.c" type="roomfile" x="532" y="212" icon="default"/>
		<lpc name="room005.c" type="roomfile" x="299" y="229" icon="Interest"/>
		<lpc name="room006.c" type="roomfile" x="368" y="228" icon="default"/>
		<lpc name="room007.c" type="roomfile" x="444" y="368" icon="default"/>
		<lpc name="room008.c" type="roomfile" x="443" y="435" icon="default"/>
		<lpc name="room009.c" type="roomfile" x="372" y="435" icon="default"/>
		<lpc name="room010.c" type="roomfile" x="299" y="436" icon="default"/>
		<lpc name="room011.c" type="roomfile" x="298" y="367" icon="default"/>
		<lpc name="room012.c" type="roomfile" x="211" y="214" icon="default"/>
		<lpc name="room013.c" type="roomfile" x="373" y="508" icon="default"/>
		<lpc name="room014.c" type="roomfile" x="298" y="508" icon="Domain Entrance / Exit"/>
		<lpc name="room015.c" type="roomfile" x="225" y="436" icon="default"/>
		<lpc name="room016.c" type="roomfile" x="146" y="213" icon="default"/>
		<lpc name="room017.c" type="roomfile" x="146" y="150" icon="Interest"/>
		<lpc name="room018.c" type="roomfile" x="210" y="151" icon="default"/>
		<lpc name="room019.c" type="roomfile" x="145" y="83" icon="default"/>
		<lpc name="room020.c" type="roomfile" x="209" y="82" icon="Interest"/>
		<lpc name="room021.c" type="roomfile" x="532" y="150" icon="default"/>
		<lpc name="room022.c" type="roomfile" x="299" y="142" icon="Hidden Room"/>
		<lpc name="room023.c" type="roomfile" x="298" y="81" icon="Hidden Room"/>
		<lpc name="room024.c" type="roomfile" x="185" y="353" icon="default"/>
		<lpc name="room025.c" type="roomfile" x="185" y="288" icon="Interest"/>
		<lpc name="room026.c" type="roomfile" x="75" y="274" icon="Hidden Room"/>
		<lpc name="room027.c" type="roomfile" x="75" y="214" icon="Hidden Room"/>
		<lpc name="room028.c" type="roomfile" x="172" y="643" icon="Hidden Room"/>
		<lpc name="room029.c" type="roomfile" x="254" y="642" icon="Hidden Room"/>
	</directory>
	<directory name="doors">
	</directory>
	<directory name="inventory">
		<lpc name="fine_wooden_desk" type="inventory" class="object" />
		<lpc name="robo-don" type="inventory" class="npc" />
                <lpc name="robo-don" type="inventory" class="npc" />
                <lpc name="robot_mobster" type="inventory" class="npc" />
                <lpc name="robot_mobster_guard" type="inventory" class="npc" />
	</directory>
	<directory name="references">
		<ref name="common" />
	</directory>
</domain>
