<?xml version="1.0" encoding="utf-8" ?>
<domain name="korenue_business" >
	<lpc name="include.h" type="header" />
	<directory name="room">
		<lpc name="start.c" type="roomfile" x="182" y="226" icon="Hospital"/>
		<lpc name="lawoffice.c" type="roomfile" x="252" y="154" icon="Law office"/>
		<lpc name="weaponshop.c" type="roomfile" x="688" y="578" icon="Weapon Shop"/>
		<lpc name="pawnshop.c" type="roomfile" x="186" y="514" icon="Pawnshop"/>
		<lpc name="petstore.c" type="roomfile" x="313" y="643" icon="Pet Shop"/>
		<lpc name="repairshop.c" type="roomfile" x="605" y="652" icon="Repair Shop"/>
		<lpc name="vehicleshop.c" type="roomfile" x="355" y="266" icon="Vehicle Shop"/>
		<lpc name="trainer.c" type="roomfile" x="673" y="226" icon="Interest"/>
		<lpc name="general.c" type="roomfile" x="700" y="408" icon="General Store"/>
		<lpc name="foodcourt.c" type="roomfile" x="423" y="494" icon="Food"/>
		<lpc name="warpgate.c" type="roomfile" x="526" y="457" icon="Warpgate"/>
		<lpc name="pilot.c" type="roomfile" x="348" y="337" icon="Interest"/>
		<lpc name="room015.c" type="roomfile" x="425" y="318" icon="default"/>
		<lpc name="room016.c" type="roomfile" x="424" y="578" icon="default"/>
		<lpc name="room017.c" type="roomfile" x="424" y="750" icon="Domain Entrance / Exit"/>
		<lpc name="room018.c" type="roomfile" x="426" y="227" icon="default"/>
		<lpc name="room019.c" type="roomfile" x="425" y="142" icon="Domain Entrance / Exit"/>
		<lpc name="room021.c" type="roomfile" x="606" y="226" icon="default"/>
		<lpc name="room022.c" type="roomfile" x="671" y="162" icon="Domain Entrance / Exit"/>
		<lpc name="room024.c" type="roomfile" x="253" y="578" icon="default"/>
		<lpc name="room026.c" type="roomfile" x="252" y="226" icon="default"/>
		<lpc name="room027.c" type="roomfile" x="606" y="578" icon="default"/>
		<lpc name="room028.c" type="roomfile" x="252" y="407" icon="default"/>
		<lpc name="room030.c" type="roomfile" x="129" y="406" icon="Domain Entrance / Exit"/>
		<lpc name="square.c" type="roomfile" x="424" y="407" icon="default"/>
		<lpc name="room032.c" type="roomfile" x="606" y="407" icon="default"/>
		<lpc name="room034.c" type="roomfile" x="424" y="656" icon="default"/>
		<lpc name="jailcell.c" type="roomfile" x="253" y="82" icon="Law office"/>
		<lpc name="weapon_ware.c" type="roomfile" x="778" y="578" icon="Hidden Room"/>
		<lpc name="general_ware.c" type="roomfile" x="780" y="408" icon="Hidden Room"/>
		<lpc name="pawn_ware.c" type="roomfile" x="88" y="514" icon="Hidden Room"/>
		<lpc name="blade_shop.c" type="roomfile" x="688" y="511" icon="Weapon Shop"/>
		<lpc name="blade_ware.c" type="roomfile" x="776" y="510" icon="Hidden Room"/>
		<lpc name="armor_shop.c" type="roomfile" x="687" y="651" icon="Armor Shop"/>
		<lpc name="armor_ware.c" type="roomfile" x="778" y="652" icon="Hidden Room"/>
		<lpc name="lounge.c" type="roomfile" x="526" y="373" icon="Lounge"/>
		<lpc name="bank.c" type="roomfile" x="525" y="541" icon="Bank"/>
		<lpc name="bar.c" type="roomfile" x="496" y="657" icon="Bar"/>
	</directory>
	<directory name="doors">
	</directory>
	<directory name="inventory">
		<lpc name="aes" type="inventory" class="npc" />
                <lpc name="roboteller" type="inventory" class="npc" />
		<lpc name="geothiac" type="inventory" class="npc" />
		<lpc name="cigarettes" type="inventory" class="object" />
		<lpc name="knife_legsheath" type="inventory" class="object" />
		<lpc name="knife_wristsheath" type="inventory" class="object" />
		<lpc name="match" type="inventory" class="object" />
		<lpc name="matchbox" type="inventory" class="object" />
		<lpc name="nano_sixshooterclip" type="inventory" class="weapon" />
		<lpc name="doc_beat" type="inventory" class="npc" />
		<lpc name="rainee" type="inventory" class="npc" />
		<lpc name="gatling" type="inventory" class="npc" />
		<lpc name="robo_vendor" type="inventory" class="npc" />
		<lpc name="blade_robovendor" type="inventory" class="npc" />
		<lpc name="armor_robovendor" type="inventory" class="npc" />
		<lpc name="sokoi" type="inventory" class="npc" />
		<lpc name="charles" type="inventory" class="npc" />
		<lpc name="lester" type="inventory" class="npc" />
		<lpc name="mcgak" type="inventory" class="npc" />
		<lpc name="stormshield_cloak" type="inventory" class="armor" />
		<lpc name="flak_gun" type="inventory" class="weapon" />
		<lpc name="battle_axe" type="inventory" class="weapon" />
		<lpc name="throwing_axe" type="inventory" class="weapon" />
		<lpc name="thick_bulletproof_armor" type="inventory" class="armor" />
		<lpc name="tempmod_armor" type="inventory" class="armor" />
		<lpc name="kinetic_armor" type="inventory" class="armor" />
	</directory>
	<directory name="references">
		<ref name="common" />
		<ref name="orphaned" />
		<ref name="stellarmass" />
		<ref name="locked" />
		<ref name="seco_severapass" />
	</directory>
</domain>
