<?xml version="1.0" encoding="utf-8" ?>
<domain name="korenue_docks" >
	<lpc name="include.h" type="header" />
	<directory name="room">
		<lpc name="start.c" type="roomfile" x="74" y="152" icon="Domain Entrance / Exit"/>
		<lpc name="room000.c" type="roomfile" x="137" y="89" icon="default"/>
		<lpc name="room001.c" type="roomfile" x="198" y="89" icon="default"/>
		<lpc name="room002.c" type="roomfile" x="197" y="196" icon="default"/>
		<lpc name="room003.c" type="roomfile" x="263" y="195" icon="default"/>
		<lpc name="room004.c" type="roomfile" x="329" y="196" icon="default"/>
		<lpc name="room005.c" type="roomfile" x="263" y="88" icon="default"/>
		<lpc name="room006.c" type="roomfile" x="330" y="88" icon="default"/>
	</directory>
	<directory name="doors">
	</directory>
	<directory name="inventory">
	</directory>
	<directory name="references">
	</directory>
</domain>
