<?xml version="1.0" encoding="utf-8" ?>
<domain name="korenue_sewers" >
	<lpc name="include.h" type="header" />
	<directory name="room">
		<lpc name="start.c" type="roomfile" x="582" y="141" icon="Domain Entrance / Exit"/>
		<lpc name="room000.c" type="roomfile" x="520" y="199" icon="default"/>
		<lpc name="room001.c" type="roomfile" x="450" y="198" icon="default"/>
		<lpc name="room002.c" type="roomfile" x="374" y="198" icon="default"/>
		<lpc name="room003.c" type="roomfile" x="309" y="136" icon="default"/>
		<lpc name="room004.c" type="roomfile" x="310" y="63" icon="Domain Entrance / Exit"/>
		<lpc name="room005.c" type="roomfile" x="452" y="274" icon="default"/>
		<lpc name="room006.c" type="roomfile" x="451" y="342" icon="default"/>
		<lpc name="room007.c" type="roomfile" x="524" y="343" icon="default"/>
		<lpc name="room008.c" type="roomfile" x="377" y="341" icon="default"/>
		<lpc name="room009.c" type="roomfile" x="312" y="406" icon="default"/>
		<lpc name="room010.c" type="roomfile" x="582" y="405" icon="default"/>
		<lpc name="room011.c" type="roomfile" x="651" y="406" icon="default"/>
		<lpc name="room012.c" type="roomfile" x="710" y="470" icon="default"/>
		<lpc name="room013.c" type="roomfile" x="582" y="481" icon="default"/>
		<lpc name="room014.c" type="roomfile" x="311" y="486" icon="default"/>
		<lpc name="room015.c" type="roomfile" x="253" y="546" icon="default"/>
		<lpc name="room017.c" type="roomfile" x="426" y="599" icon="default"/>
		<lpc name="room018.c" type="roomfile" x="195" y="603" icon="default"/>
		<lpc name="room020.c" type="roomfile" x="528" y="775" icon="default"/>
		<lpc name="room021.c" type="roomfile" x="528" y="844" icon="default"/>
		<lpc name="room024.c" type="roomfile" x="658" y="843" icon="Domain Entrance / Exit"/>
		<lpc name="room025.c" type="roomfile" x="659" y="630" icon="default"/>
		<lpc name="room026.c" type="roomfile" x="196" y="667" icon="default"/>
		<lpc name="room027.c" type="roomfile" x="516" y="480" icon="Hidden Room"/>
		<lpc name="room028.c" type="roomfile" x="454" y="480" icon="Interest"/>
		<lpc name="room029.c" type="roomfile" x="453" y="406" icon="Hidden Room"/>
		<lpc name="room030.c" type="roomfile" x="313" y="254" icon="default"/>
		<lpc name="room031.c" type="roomfile" x="240" y="255" icon="default"/>
		<lpc name="room032.c" type="roomfile" x="186" y="199" icon="default"/>
		<lpc name="room033.c" type="roomfile" x="186" y="138" icon="default"/>
		<lpc name="room035.c" type="roomfile" x="242" y="405" icon="default"/>
		<lpc name="room037.c" type="roomfile" x="135" y="728" icon="default"/>
		<lpc name="room039.c" type="roomfile" x="658" y="763" icon="default"/>
		<lpc name="room042.c" type="roomfile" x="163" y="457" icon="default"/>
		<lpc name="room043.c" type="roomfile" x="92" y="458" icon="default"/>
		<lpc name="room044.c" type="roomfile" x="92" y="394" icon="Domain Entrance / Exit"/>
		<lpc name="room045.c" type="roomfile" x="581" y="617" icon="default"/>
		<lpc name="room046.c" type="roomfile" x="517" y="618" icon="default"/>
		<lpc name="room047.c" type="roomfile" x="659" y="915" icon="Warpgate"/>
	</directory>
	<directory name="doors">
	</directory>
	<directory name="inventory">
	</directory>
	<directory name="references">
	</directory>
</domain>
