<?xml version="1.0" encoding="utf-8" ?>
<domain name="locked" >
	<lpc name="include.h" type="header" />
	<directory name="room">
		<lpc name="exit.c" type="roomfile" x="279" y="233" icon="defauklt"/>
		<lpc name="warproom.c" type="roomfile" x="277" y="151" icon="default"/>
	</directory>
	<directory name="doors">
	</directory>
	<directory name="inventory">
		<lpc name="zurakiglove" type="inventory" class="armor" />
		<lpc name="spacesuit" type="inventory" class="armor" />
		<lpc name="easyrocketpack" type="inventory" class="armor" />
		<lpc name="fak" type="inventory" class="object" />
		<lpc name="plastic" type="inventory" class="object" />
		<lpc name="metal" type="inventory" class="object" />
		<lpc name="hotdog" type="inventory" class="meal" />
		<lpc name="hagrobiscuit" type="inventory" class="meal" />
		<lpc name="zabawkafruit" type="inventory" class="meal" />
		<lpc name="empty_glass_bottle" type="inventory" class="object" />
		<lpc name="empty_plastic_bottle" type="inventory" class="object" />
		<lpc name="empty_plate" type="inventory" class="object" />
		<lpc name="large_bandage" type="inventory" class="object" />
		<lpc name="large_stim" type="inventory" class="object" />
		<lpc name="small_bandage" type="inventory" class="object" />
		<lpc name="small_stim" type="inventory" class="object" />
		<lpc name="weak_hacking_device" type="inventory" class="object" />
		<lpc name="weak_lockpicking_device" type="inventory" class="object" />
		<lpc name="bottle_scotch" type="inventory" class="meal" />
	</directory>
	<directory name="references">
	</directory>
</domain>
