<?xml version="1.0" encoding="utf-8" ?>
<domain name="minnak_cragcity" >
	<lpc name="include.h" type="header" />
	<directory name="room">
		<lpc name="start.c" type="roomfile" x="144" y="249" icon="Warpgate"/>
		<lpc name="entrance.c" type="roomfile" x="219" y="248" icon="default"/>
		<lpc name="weapon.c" type="roomfile" x="458" y="489" icon="Weapon Shop"/>
		<lpc name="hospital.c" type="roomfile" x="458" y="255" icon="Hospital"/>
		<lpc name="gemshop.c" type="roomfile" x="573" y="358" icon="Interest"/>
		<lpc name="armor.c" type="roomfile" x="338" y="358" icon="Armor Shop"/>
		<lpc name="constructenter.c" type="roomfile" x="810" y="166" icon="Interest"/>
		<lpc name="con1.c" type="roomfile" x="801" y="368" icon="default"/>
		<lpc name="con2.c" type="roomfile" x="896" y="273" icon="default"/>
		<lpc name="con 3.c" type="roomfile" x="892" y="456" icon="default"/>
		<lpc name="con4.c" type="roomfile" x="768" y="456" icon="Final Boss"/>
		<lpc name="bar.c" type="roomfile" x="348" y="119" icon="Bar"/>
		<lpc name="street1.c" type="roomfile" x="348" y="201" icon="default"/>
		<lpc name="square.c" type="roomfile" x="458" y="358" icon="default"/>
		<lpc name="street2.c" type="roomfile" x="571" y="472" icon="default"/>
		<lpc name="street3.c" type="roomfile" x="705" y="337" icon="default"/>
		<lpc name="dannihouse.c" type="roomfile" x="634" y="230" icon="default"/>
		<lpc name="dann1.c" type="roomfile" x="566" y="154" icon="default"/>
		<lpc name="danni2.c" type="roomfile" x="632" y="155" icon="default"/>
		<lpc name="danni3.c" type="roomfile" x="711" y="154" icon="default"/>
		<lpc name="danni4.c" type="roomfile" x="635" y="85" icon="default"/>
		<lpc name="danni5.c" type="roomfile" x="704" y="86" icon="Interest"/>
		<lpc name="street4.c" type="roomfile" x="571" y="560" icon="default"/>
		<lpc name="Exit.c" type="roomfile" x="571" y="667" icon="Domain Entrance / Exit"/>
		<lpc name="Pawn.c" type="roomfile" x="676" y="559" icon="Pawnshop"/>
		<lpc name="Bank.c" type="roomfile" x="340" y="476" icon="Bank"/>
		<lpc name="JayceStorage.c" type="roomfile" x="122" y="619" icon="default"/>
		<lpc name="KarrinStorage.c" type="roomfile" x="203" y="593" icon="default"/>
		<lpc name="meepstorage.c" type="roomfile" x="201" y="668" icon="default"/>
		<lpc name="jail.c" type="roomfile" x="593" y="291" icon="Law office"/>
		<lpc name="lawoffice.c" type="roomfile" x="532" y="290" icon="Law office"/>
		<lpc name="Targastorage.c" type="roomfile" x="283" y="645" icon="default"/>
	</directory>
	<directory name="doors">
		<lpc name="doctor" type="inventory" class="door" />
		<lpc name="edge" type="inventory" class="door" />
		<lpc name="Ironhide" type="inventory" class="door" />
		<lpc name="stonegem" type="inventory" class="door" />
		<lpc name="marspirit" type="inventory" class="door" />
		<lpc name="rockstar" type="inventory" class="door" />
		<lpc name="bank" type="inventory" class="door" />
		<lpc name="pawn" type="inventory" class="door" />
	</directory>
	<directory name="inventory">
		<lpc name="Teller" type="inventory" class="npc" />
		<lpc name="BattleAxe" type="inventory" class="weapon" />
		<lpc name="jackhammer" type="inventory" class="object" />
		<lpc name="quicksilver" type="inventory" class="meal" />
		<lpc name="RockCandy" type="inventory" class="meal" />
		<lpc name="Bazooka" type="inventory" class="weapon" />
		<lpc name="Missile" type="inventory" class="weapon" />
		<lpc name="explobolts" type="inventory" class="weapon" />
		<lpc name="taserbolt" type="inventory" class="weapon" />
		<lpc name="plasmasword" type="inventory" class="weapon" />
		<lpc name="quartzmilk" type="inventory" class="meal" />
		<lpc name="stonesoup" type="inventory" class="meal" />
		<lpc name="pebbles" type="inventory" class="meal" />
		<lpc name="crystalcola" type="inventory" class="meal" />
		<lpc name="slabsammich" type="inventory" class="meal" />
		<lpc name="CrystalHelm" type="inventory" class="armor" />
		<lpc name="Crystalgauntlet" type="inventory" class="armor" />
		<lpc name="Crystalgreaves" type="inventory" class="armor" />
		<lpc name="Crystalcuirass" type="inventory" class="armor" />
		<lpc name="CrystalBoot" type="inventory" class="armor" />
		<lpc name="ironboot" type="inventory" class="armor" />
		<lpc name="irongauntlet" type="inventory" class="armor" />
		<lpc name="ironcuirass" type="inventory" class="armor" />
		<lpc name="irongreaves" type="inventory" class="armor" />
		<lpc name="ironhelm" type="inventory" class="armor" />
		<lpc name="cape" type="inventory" class="armor" />
		<lpc name="Jayce" type="inventory" class="npc" />
		<lpc name="DoctorG" type="inventory" class="npc" />
		<lpc name="moxy" type="inventory" class="npc" />
		<lpc name="Karrin" type="inventory" class="npc" />
		<lpc name="jacketorange" type="inventory" class="armor" />
		<lpc name="workboot" type="inventory" class="armor" />
		<lpc name="hardhat" type="inventory" class="armor" />
		<lpc name="Meep" type="inventory" class="npc" />
		<lpc name="bowlerhat" type="inventory" class="armor" />
		<lpc name="fez" type="inventory" class="armor" />
		<lpc name="tophat" type="inventory" class="armor" />
		<lpc name="stilettoshoe" type="inventory" class="armor" />
		<lpc name="tailarmor" type="inventory" class="armor" />
		<lpc name="shorts" type="inventory" class="armor" />
		<lpc name="obnoxiousshirt" type="inventory" class="armor" />
		<lpc name="propellerhat" type="inventory" class="armor" />
		<lpc name="FurCoat" type="inventory" class="armor" />
		<lpc name="starglasses" type="inventory" class="armor" />
		<lpc name="platformshoe" type="inventory" class="armor" />
		<lpc name="BIGGUNS" type="inventory" class="meal" />
		<lpc name="Bossman" type="inventory" class="npc" />
		<lpc name="sparkkey" type="inventory" class="object" />
		<lpc name="SparkleDresser" type="inventory" class="object" />
		<lpc name="Danni" type="inventory" class="npc" />
		<lpc name="Guard" type="inventory" class="npc" />
		<lpc name="Krub" type="inventory" class="npc" />
		<lpc name="PNecklace" type="inventory" class="armor" />
		<lpc name="weddingring" type="inventory" class="armor" />
		<lpc name="fancyring" type="inventory" class="armor" />
		<lpc name="AmuletProct" type="inventory" class="armor" />
		<lpc name="SpikedCollar" type="inventory" class="armor" />
		<lpc name="EleRing" type="inventory" class="armor" />
		<lpc name="MrTarga" type="inventory" class="npc" />
		<lpc name="FMonster" type="inventory" class="npc" />
	</directory>
	<directory name="references">
		<ref name="seco_severapass" />
		<ref name="warppoint" />
		<ref name="stellarmass" />
	</directory>
</domain>
