<?xml version="1.0" encoding="utf-8" ?>
<domain name="moonbus" >
	<lpc name="include.h" type="header" />
	<directory name="room">
		<lpc name="room005.c" type="roomfile" x="243" y="102" icon="Up / down"/>
		<lpc name="room006.c" type="roomfile" x="244" y="40" icon="default"/>
		<lpc name="room007.c" type="roomfile" x="303" y="100" icon="default"/>
		<lpc name="room008.c" type="roomfile" x="242" y="162" icon="default"/>
		<lpc name="room009.c" type="roomfile" x="182" y="102" icon="default"/>
		<lpc name="room010.c" type="roomfile" x="372" y="100" icon="Interest"/>
		<lpc name="room011.c" type="roomfile" x="99" y="241" icon="default"/>
		<lpc name="room013.c" type="roomfile" x="160" y="304" icon="default"/>
		<lpc name="room014.c" type="roomfile" x="220" y="245" icon="default"/>
		<lpc name="room015.c" type="roomfile" x="284" y="244" icon="default"/>
		<lpc name="room016.c" type="roomfile" x="159" y="244" icon="Up / down"/>
		<lpc name="start.c" type="roomfile" x="157" y="180" icon="Domain Entrance / Exit"/>
	</directory>
	<directory name="doors">
		<lpc name="starboard_deckdoor" type="inventory" class="door" />
	</directory>
	<directory name="inventory">
		<lpc name="merc" type="inventory" class="npc" />
		<lpc name="merc_boss" type="inventory" class="npc" />
	</directory>
	<directory name="references">
		<ref name="common" />
		<ref name="locked" />
		<ref name="stellarmass" />
	</directory>
</domain>
