<?xml version="1.0" encoding="utf-8" ?>
<domain name="orphaned" >
	<lpc name="include.h" type="header" />
	<directory name="room">
		<lpc name="start.c" type="roomfile" x="117" y="70" icon="default"/>
	</directory>
	<directory name="doors">
	</directory>
	<directory name="inventory">
		<lpc name="aek919k" type="inventory" class="weapon" />
		<lpc name="aek919mag" type="inventory" class="weapon" />
		<lpc name="ak47" type="inventory" class="weapon" />
		<lpc name="ak47mag" type="inventory" class="weapon" />
		<lpc name="fnfiveseven" type="inventory" class="weapon" />
		<lpc name="fnfivesevenmag" type="inventory" class="weapon" />
		<lpc name="impacthammer" type="inventory" class="weapon" />
		<lpc name="m60" type="inventory" class="weapon" />
		<lpc name="m60belt" type="inventory" class="weapon" />
		<lpc name="m98b" type="inventory" class="weapon" />
		<lpc name="pkm" type="inventory" class="weapon" />
		<lpc name="pkmbox" type="inventory" class="weapon" />
	</directory>
	<directory name="references">
	</directory>
</domain>
