<?xml version="1.0" encoding="utf-8" ?>
<domain name="seco_outlawhideout" >
	<lpc name="include.h" type="header" />
	<directory name="room">
		<lpc name="start.c" type="roomfile" x="326" y="580" icon="Domain Entrance / Exit"/>
		<lpc name="boss.c" type="roomfile" x="327" y="406" icon="Final Boss"/>
		<lpc name="miniboss.c" type="roomfile" x="327" y="333" icon="Interest"/>
		<lpc name="1.c" type="roomfile" x="326" y="498" icon="default"/>
		<lpc name="2.c" type="roomfile" x="243" y="498" icon="default"/>
		<lpc name="3.c" type="roomfile" x="408" y="498" icon="default"/>
		<lpc name="4.c" type="roomfile" x="161" y="416" icon="default"/>
		<lpc name="5.c" type="roomfile" x="488" y="415" icon="default"/>
		<lpc name="loot.c" type="roomfile" x="403" y="420" icon="Interest"/>
		<lpc name="6.c" type="roomfile" x="161" y="330" icon="default"/>
		<lpc name="7.c" type="roomfile" x="488" y="334" icon="default"/>
		<lpc name="8.c" type="roomfile" x="161" y="248" icon="default"/>
		<lpc name="9.c" type="roomfile" x="488" y="246" icon="default"/>
		<lpc name="10.c" type="roomfile" x="413" y="172" icon="default"/>
		<lpc name="11.c" type="roomfile" x="327" y="172" icon="default"/>
		<lpc name="12.c" type="roomfile" x="237" y="172" icon="default"/>
		<lpc name="hidden.c" type="roomfile" x="327" y="253" icon="default"/>
		<lpc name="MurpheyStorage.c" type="roomfile" x="73" y="421" icon="default"/>
		<lpc name="PawnStorage.c" type="roomfile" x="75" y="245" icon="default"/>
		<lpc name="TheBar.c" type="roomfile" x="588" y="334" icon="Bar"/>
		<lpc name="StoreRoom.c" type="roomfile" x="70" y="330" icon="Pawnshop"/>
	</directory>
	<directory name="doors">
	</directory>
	<directory name="inventory">
		<lpc name="BrassKnuckle" type="inventory" class="weapon" />
		<lpc name="TonyCigar" type="inventory" class="object" />
		<lpc name="PowahFist" type="inventory" class="weapon" />
		<lpc name="Rotgut" type="inventory" class="meal" />
		<lpc name="DarkPistol" type="inventory" class="weapon" />
		<lpc name="minibolt" type="inventory" class="weapon" />
		<lpc name="MiniCrossbow" type="inventory" class="weapon" />
		<lpc name="ArmoredVest" type="inventory" class="armor" />
		<lpc name="Sandal" type="inventory" class="armor" />
		<lpc name="SpikedGlove" type="inventory" class="armor" />
		<lpc name="Murphy" type="inventory" class="npc" />
		<lpc name="Overlord" type="inventory" class="npc" />
		<lpc name="BlackSuit" type="inventory" class="armor" />
		<lpc name="SkinningKnife" type="inventory" class="weapon" />
		<lpc name="FineWine" type="inventory" class="meal" />
		<lpc name="BlackCowboyHat" type="inventory" class="armor" />
		<lpc name="Tony" type="inventory" class="npc" />
		<lpc name="Facer" type="inventory" class="npc" />
		<lpc name="Keera" type="inventory" class="npc" />
		<lpc name="outlaw" type="inventory" class="npc" />
		<lpc name="BrokenClaw" type="inventory" class="npc" />
		<lpc name="Footlocker" type="inventory" class="object" />
		<lpc name="footkey" type="inventory" class="object" />
		<lpc name="rubberchicken" type="inventory" class="weapon" />
		<lpc name="deadbody" type="inventory" class="object" />
	</directory>
	<directory name="references">
		<ref name="locked" />
		<ref name="stellarmass" />
	</directory>
</domain>
