<?xml version="1.0" encoding="utf-8" ?>
<domain name="seco_mines" >
	<lpc name="include.h" type="header" />
	<directory name="room">
		<lpc name="start.c" type="roomfile" x="55" y="57" icon="Domain Entrance / Exit"/>
		<lpc name="1.c" type="roomfile" x="55" y="124" icon="default"/>
		<lpc name="2.c" type="roomfile" x="55" y="191" icon="default"/>
		<lpc name="final_boss.c" type="roomfile" x="566" y="584" icon="Final Boss"/>
		<lpc name="elevator.c" type="roomfile" x="424" y="584" icon="default"/>
		<lpc name="3.c" type="roomfile" x="133" y="268" icon="default"/>
		<lpc name="4.c" type="roomfile" x="216" y="269" icon="default"/>
		<lpc name="5.c" type="roomfile" x="216" y="182" icon="default"/>
		<lpc name="6.c" type="roomfile" x="304" y="269" icon="default"/>
		<lpc name="7.c" type="roomfile" x="395" y="269" icon="default"/>
		<lpc name="8.c" type="roomfile" x="468" y="342" icon="default"/>
		<lpc name="9.c" type="roomfile" x="563" y="247" icon="default"/>
		<lpc name="10.c" type="roomfile" x="563" y="345" icon="default"/>
		<lpc name="11.c" type="roomfile" x="566" y="421" icon="default"/>
		<lpc name="12.c" type="roomfile" x="566" y="502" icon="default"/>
		<lpc name="13.c" type="roomfile" x="231" y="427" icon="default"/>
		<lpc name="14.c" type="roomfile" x="148" y="427" icon="default"/>
		<lpc name="15.c" type="roomfile" x="145" y="515" icon="default"/>
	</directory>
	<directory name="doors">
	</directory>
	<directory name="inventory">
		<lpc name="MinerHat" type="inventory" class="armor" />
		<lpc name="pickaxe" type="inventory" class="weapon" />
		<lpc name="Shovel" type="inventory" class="weapon" />
		<lpc name="hoe" type="inventory" class="weapon" />
		<lpc name="sword" type="inventory" class="weapon" />
		<lpc name="Creeper" type="inventory" class="npc" />
		<lpc name="CandyCorn" type="inventory" class="meal" />
		<lpc name="ZombieMiner" type="inventory" class="npc" />
		<lpc name="Vibranium" type="inventory" class="object" />
		<lpc name="cowboyboot" type="inventory" class="armor" />
		<lpc name="LeatherChaps" type="inventory" class="armor" />
		<lpc name="leathervest" type="inventory" class="armor" />
		<lpc name="leatherglove" type="inventory" class="armor" />
		<lpc name="Corpse" type="inventory" class="object" />
		<lpc name="RogersSpork" type="inventory" class="object" />
		<lpc name="lockers" type="inventory" class="object" />
		<lpc name="DeepDweller" type="inventory" class="npc" />
	</directory>
	<directory name="references">
		<ref name="basictraining" />
		<ref name="common" />
		<ref name="seco_severapass" />
		<ref name="stellarmass" />
		<ref name="warppoint" />
	</directory>
</domain>
