<?xml version="1.0" encoding="utf-8" ?>
<domain name="seco_dryplains" >
	<lpc name="include.h" type="header" />
	<directory name="room">
		<lpc name="start.c" type="roomfile" x="89" y="90" icon="Domain Entrance / Exit"/>
		<lpc name="to_the_mines.c" type="roomfile" x="423" y="507" icon="default"/>
		<lpc name="1.c" type="roomfile" x="170" y="170" icon="default"/>
		<lpc name="2.c" type="roomfile" x="247" y="91" icon="default"/>
		<lpc name="3.c" type="roomfile" x="326" y="168" icon="default"/>
		<lpc name="4.c" type="roomfile" x="326" y="254" icon="default"/>
		<lpc name="5.c" type="roomfile" x="247" y="333" icon="default"/>
		<lpc name="6.c" type="roomfile" x="164" y="412" icon="default"/>
		<lpc name="8.c" type="roomfile" x="164" y="505" icon="default"/>
		<lpc name="10.c" type="roomfile" x="298" y="507" icon="default"/>
		<lpc name="11.c" type="roomfile" x="420" y="254" icon="default"/>
		<lpc name="12.c" type="roomfile" x="505" y="168" icon="default"/>
		<lpc name="13.c" type="roomfile" x="505" y="97" icon="default"/>
		<lpc name="14.c" type="roomfile" x="593" y="255" icon="default"/>
		<lpc name="mine_door.c" type="roomfile" x="489" y="573" icon="Domain Entrance / Exit"/>
		<lpc name="hermitshack.c" type="roomfile" x="505" y="30" icon="default"/>
	</directory>
	<directory name="doors">
	</directory>
	<directory name="inventory">
		<lpc name="PetesKey" type="inventory" class="object" />
		<lpc name="Pete" type="inventory" class="npc" />
		<lpc name="Mojo" type="inventory" class="npc" />
	</directory>
	<directory name="references">
		<ref name="seco_badlands" />
		<ref name="seco_severapass" />
	</directory>
</domain>
