<?xml version="1.0" encoding="utf-8" ?>
<domain name="seco_badlands" >
	<lpc name="include.h" type="header" />
	<directory name="room">
		<lpc name="start.c" type="roomfile" x="63" y="537" icon="Domain Entrance / Exit"/>
		<lpc name="1.c" type="roomfile" x="63" y="439" icon="default"/>
		<lpc name="2.c" type="roomfile" x="65" y="273" icon="default"/>
		<lpc name="3.c" type="roomfile" x="147" y="354" icon="default"/>
		<lpc name="4.c" type="roomfile" x="234" y="353" icon="default"/>
		<lpc name="5.c" type="roomfile" x="65" y="176" icon="Interest"/>
		<lpc name="seco_outlawhideout.c" type="roomfile" x="560" y="15" icon="Domain Entrance / Exit"/>
		<lpc name="6.c" type="roomfile" x="234" y="444" icon="default"/>
		<lpc name="7.c" type="roomfile" x="234" y="265" icon="default"/>
		<lpc name="8.c" type="roomfile" x="312" y="188" icon="default"/>
		<lpc name="9.c" type="roomfile" x="390" y="265" icon="default"/>
		<lpc name="10.c" type="roomfile" x="469" y="343" icon="default"/>
		<lpc name="11.c" type="roomfile" x="469" y="433" icon="default"/>
		<lpc name="13.c" type="roomfile" x="553" y="261" icon="default"/>
		<lpc name="14.c" type="roomfile" x="564" y="434" icon="default"/>
		<lpc name="15.c" type="roomfile" x="476" y="184" icon="default"/>
		<lpc name="16.c" type="roomfile" x="476" y="100" icon="default"/>
		<lpc name="18.c" type="roomfile" x="561" y="99" icon="default"/>
		<lpc name="17.c" type="roomfile" x="397" y="20" icon="default"/>
		<lpc name="19.c" type="roomfile" x="308" y="20" icon="Hidden Room"/>
		<lpc name="hidden.c" type="roomfile" x="154" y="176" icon="Hidden Room"/>
		<lpc name="12.c" type="roomfile" x="390" y="511" icon="Interest"/>
		<lpc name="seco_dryplains.c" type="roomfile" x="564" y="518" icon="Domain Entrance / Exit"/>
	</directory>
	<directory name="doors">
	</directory>
	<directory name="inventory">
		<lpc name="OtterPopsHat" type="inventory" class="object" />
		<lpc name="wurm_eye" type="inventory" class="object" />
		<lpc name="SandWurm" type="inventory" class="npc" />
		<lpc name="morlich_spear" type="inventory" class="weapon" />
		<lpc name="tooth_necklace" type="inventory" class="armor" />
		<lpc name="sketch" type="inventory" class="npc" />
		<lpc name="YiskMeat" type="inventory" class="meal" />
		<lpc name="Yisk" type="inventory" class="npc" />
		<lpc name="OtterPop" type="inventory" class="npc" />
		<lpc name="morlich" type="inventory" class="npc" />
		<lpc name="GreeFruit" type="inventory" class="meal" />
		<lpc name="TheTree" type="inventory" class="object" />
		<lpc name="BabyMorlich" type="inventory" class="npc" />
		<lpc name="Stabhappy" type="inventory" class="weapon" />
		<lpc name="FadedNote" type="inventory" class="object" />
		<lpc name="PimpChain" type="inventory" class="armor" />
		<lpc name="skeleton" type="inventory" class="object" />
	</directory>
	<directory name="references">
		<ref name="locked" />
		<ref name="stellarmass" />
	</directory>
</domain>
