<?xml version="1.0" encoding="utf-8" ?>
<domain name="spiderhive" >
	<lpc name="include.h" type="header" />
	<directory name="room">
		<lpc name="start.c" type="roomfile" x="259" y="81" icon="Domain Entrance / Exit"/>
		<lpc name="f1checkpoint.c" type="roomfile" x="256" y="-154" icon="default"/>
		<lpc name="room002.c" type="roomfile" x="257" y="-33" icon="default"/>
		<lpc name="titanchamber.c" type="roomfile" x="737" y="-336" icon="It's a trap!"/>
		<lpc name="titanantechamber.c" type="roomfile" x="741" y="-240" icon="Interest"/>
		<lpc name="titanbreather.c" type="roomfile" x="730" y="-443" icon="Lounge"/>
		<lpc name="titanexitbypass.c" type="roomfile" x="836" y="-340" icon="Hidden Room"/>
		<lpc name="f2stairsup.c" type="roomfile" x="605" y="30" icon="Up / down"/>
		<lpc name="f1stairsdown.c" type="roomfile" x="439" y="35" icon="Up / down"/>
		<lpc name="f1-2stairwell.c" type="roomfile" x="527" y="36" icon="Up / down"/>
		<lpc name="f1-2stairscubby.c" type="roomfile" x="527" y="-50" icon="General Store"/>
		<lpc name="f2stairsdown.c" type="roomfile" x="1043" y="26" icon="Up / down"/>
		<lpc name="f3stairsup.c" type="roomfile" x="1236" y="30" icon="Up / down"/>
		<lpc name="f2-3stairwell.c" type="roomfile" x="1146" y="29" icon="Up / down"/>
		<lpc name="f2-3grotto.c" type="roomfile" x="1153" y="131" icon="General Store"/>
		<lpc name="queenchamber.c" type="roomfile" x="1126" y="-456" icon="Final Boss"/>
		<lpc name="queenantechamber.c" type="roomfile" x="1128" y="-347" icon="Interest"/>
		<lpc name="room018.c" type="roomfile" x="456" y="-490" icon="default"/>
		<lpc name="room019.c" type="roomfile" x="269" y="-268" icon="default"/>
		<lpc name="room020.c" type="roomfile" x="285" y="-478" icon="default"/>
		<lpc name="room021.c" type="roomfile" x="457" y="-277" icon="default"/>
		<lpc name="room022.c" type="roomfile" x="162" y="-269" icon="Weapon Shop"/>
		<lpc name="room023.c" type="roomfile" x="283" y="-585" icon="Armor Shop"/>
		<lpc name="room024.c" type="roomfile" x="152" y="-475" icon="default"/>
		<lpc name="room025.c" type="roomfile" x="585" y="-488" icon="Weapon Shop"/>
		<lpc name="f1almosatstairs.c" type="roomfile" x="441" y="-113" icon="default"/>
		<lpc name="room027.c" type="roomfile" x="364" y="-115" icon="Weapon Shop"/>
		<lpc name="room028.c" type="roomfile" x="733" y="-562" icon="default"/>
		<lpc name="room029.c" type="roomfile" x="976" y="-547" icon="default"/>
		<lpc name="room030.c" type="roomfile" x="989" y="-340" icon="default"/>
		<lpc name="room031.c" type="roomfile" x="990" y="-178" icon="default"/>
		<lpc name="room032.c" type="roomfile" x="753" y="-51" icon="default"/>
		<lpc name="room033.c" type="roomfile" x="647" y="-159" icon="Armor Shop"/>
		<lpc name="room034.c" type="roomfile" x="747" y="-150" icon="default"/>
		<lpc name="room035.c" type="roomfile" x="676" y="-49" icon="default"/>
		<lpc name="room036.c" type="roomfile" x="1232" y="-58" icon="default"/>
		<lpc name="room037.c" type="roomfile" x="1140" y="-136" icon="default"/>
		<lpc name="room038.c" type="roomfile" x="1137" y="-237" icon="default"/>
		<lpc name="room039.c" type="roomfile" x="861" y="-184" icon="default"/>
		<lpc name="room040.c" type="roomfile" x="883" y="26" icon="default"/>
		<lpc name="room041.c" type="roomfile" x="1118" y="-545" icon="Weapon Shop"/>
		<lpc name="room042.c" type="roomfile" x="803" y="130" icon="Armor Shop"/>
		<lpc name="room043.c" type="roomfile" x="1000" y="-71" icon="Weapon Shop"/>
		<lpc name="room044.c" type="roomfile" x="628" y="-563" icon="Armor Shop"/>
		<lpc name="room045.c" type="roomfile" x="1236" y="-236" icon="Clothing Store"/>
		<lpc name="room046.c" type="roomfile" x="1138" y="-47" icon="Clothing Store"/>
		<lpc name="room047.c" type="roomfile" x="1030" y="-457" icon="default"/>
		<lpc name="room048.c" type="roomfile" x="862" y="-457" icon="default"/>
		<lpc name="room049.c" type="roomfile" x="628" y="-350" icon="default"/>
		<lpc name="room050.c" type="roomfile" x="406" y="-211" icon="default"/>
		<lpc name="room051.c" type="roomfile" x="654" y="-282" icon="Repair Shop"/>
		<lpc name="repairbugnest.c" type="roomfile" x="1225" y="-451" icon="Repair Shop"/>
		<lpc name="room053.c" type="roomfile" x="685" y="123" icon="default"/>
		<lpc name="room054.c" type="roomfile" x="688" y="219" icon="default"/>
		<lpc name="room055.c" type="roomfile" x="592" y="215" icon="default"/>
		<lpc name="room056.c" type="roomfile" x="685" y="310" icon="default"/>
		<lpc name="room057.c" type="roomfile" x="603" y="403" icon="default"/>
		<lpc name="room058.c" type="roomfile" x="753" y="49" icon="default"/>
		<lpc name="room059.c" type="roomfile" x="787" y="307" icon="Armor Shop"/>
		<lpc name="room060.c" type="roomfile" x="1322" y="-136" icon="default"/>
	</directory>
	<directory name="doors">
	</directory>
	<directory name="inventory">
		<lpc name="mechatick" type="inventory" class="npc" />
		<lpc name="mechabug" type="inventory" class="npc" />
		<lpc name="titanspider" type="inventory" class="npc" />
		<lpc name="mechaspider" type="inventory" class="npc" />
		<lpc name="pyrospider" type="inventory" class="npc" />
		<lpc name="repairbug" type="inventory" class="npc" />
		<lpc name="repairtick" type="inventory" class="npc" />
		<lpc name="wallcrawler" type="inventory" class="npc" />
	</directory>
	<directory name="references">
	</directory>
</domain>
