<?xml version="1.0" encoding="utf-8" ?>
<domain name="warppoint_zergerestate" >
	<lpc name="include.h" type="header" />
	<directory name="room">
		<lpc name="start.c" type="roomfile" x="169" y="155" icon="Domain Entrance / Exit"/>
		<lpc name="foyer.c" type="roomfile" x="169" y="218" icon="Up / down"/>
		<lpc name="eastfronthall.c" type="roomfile" x="232" y="218" icon="default"/>
		<lpc name="eastroom.c" type="roomfile" x="297" y="218" icon="default"/>
		<lpc name="livingroom.c" type="roomfile" x="297" y="345" icon="default"/>
		<lpc name="centerhall.c" type="roomfile" x="235" y="346" icon="default"/>
		<lpc name="centerhallintersection.c" type="roomfile" x="172" y="346" icon="default"/>
		<lpc name="mainhall.c" type="roomfile" x="139" y="288" icon="default"/>
		<lpc name="kitchen1.c" type="roomfile" x="116" y="346" icon="default"/>
		<lpc name="kitchen2.c" type="roomfile" x="58" y="345" icon="default"/>
		<lpc name="kitchen3.c" type="roomfile" x="58" y="288" icon="default"/>
		<lpc name="westroom.c" type="roomfile" x="115" y="219" icon="default"/>
		<lpc name="pantry.c" type="roomfile" x="115" y="410" icon="default"/>
		<lpc name="backhall.c" type="roomfile" x="173" y="411" icon="default"/>
		<lpc name="accesselevator.c" type="roomfile" x="235" y="411" icon="Up / down"/>
		<lpc name="stairs.c" type="roomfile" x="440" y="100" icon="Up / down"/>
		<lpc name="upperhall2.c" type="roomfile" x="441" y="161" icon="default"/>
		<lpc name="upperhall3.c" type="roomfile" x="440" y="221" icon="default"/>
		<lpc name="balcony.c" type="roomfile" x="440" y="39" icon="default"/>
		<lpc name="westbedroom.c" type="roomfile" x="376" y="100" icon="default"/>
		<lpc name="eastbedroom.c" type="roomfile" x="503" y="100" icon="default"/>
		<lpc name="upperbath1.c" type="roomfile" x="503" y="160" icon="default"/>
		<lpc name="upperbath2.c" type="roomfile" x="503" y="221" icon="default"/>
		<lpc name="upperhall4.c" type="roomfile" x="440" y="277" icon="default"/>
		<lpc name="upperelevator.c" type="roomfile" x="503" y="277" icon="Up / down"/>
		<lpc name="bottomelevator.c" type="roomfile" x="298" y="544" icon="Up / down"/>
		<lpc name="specimenrack.c" type="roomfile" x="236" y="608" icon="Interest"/>
		<lpc name="herbologyrack.c" type="roomfile" x="298" y="610" icon="Interest"/>
		<lpc name="labcages1.c" type="roomfile" x="357" y="609" icon="Interest"/>
		<lpc name="mainhall2.c" type="roomfile" x="296" y="675" icon="It's a trap!"/>
		<lpc name="zergersoffice.c" type="roomfile" x="359" y="675" icon="Interest"/>
		<lpc name="masterbedroom.c" type="roomfile" x="379" y="220" icon="Interest"/>
	</directory>
	<directory name="doors">
		<lpc name="zerger_groundfloor_lift" type="inventory" class="door" />
		<lpc name="zerger_topfloor_lift" type="inventory" class="door" />
		<lpc name="office_door" type="inventory" class="door" />
	</directory>
	<directory name="inventory">
		<lpc name="zerger_keycard" type="inventory" class="object" />
		<lpc name="west_cardswipe" type="inventory" class="object" />
		<lpc name="east_cardswipe" type="inventory" class="object" />
		<lpc name="mahoganydesk" type="inventory" class="object" />
		<lpc name="mysterious_key" type="inventory" class="object" />
		<lpc name="chefhat" type="inventory" class="armor" />
		<lpc name="killer_cookbot" type="inventory" class="npc" />
		<lpc name="pot_helmet" type="inventory" class="armor" />
		<lpc name="heavy_pan" type="inventory" class="object" />
		<lpc name="duckgoat_further" type="inventory" class="object" />
		<lpc name="duckgoat_horn" type="inventory" class="weapon" />
		<lpc name="duckgoat" type="inventory" class="npc" />
		<lpc name="dustbunny" type="inventory" class="npc" />
		<lpc name="owlbear_beak" type="inventory" class="weapon" />
		<lpc name="owlbear" type="inventory" class="npc" />
		<lpc name="empty_fire_extinguisher" type="inventory" class="object" />
	</directory>
	<directory name="references">
		<ref name="locked" />
		<ref name="common" />
	</directory>
</domain>
