<?xml version="1.0" encoding="utf-8" ?>
<domain name="warppoint_underpoint" >
	<lpc name="include.h" type="header" />
	<directory name="room">
		<lpc name="start.c" type="roomfile" x="750" y="190" icon="Domain Entrance / Exit"/>
		<lpc name="darktunnel.c" type="roomfile" x="689" y="190" icon="default"/>
		<lpc name="darkstairs.c" type="roomfile" x="627" y="191" icon="Up / down"/>
		<lpc name="sidetunnel.c" type="roomfile" x="688" y="250" icon="default"/>
		<lpc name="sidetunnel2.c" type="roomfile" x="628" y="311" icon="default"/>
		<lpc name="bottomofstairs.c" type="roomfile" x="567" y="191" icon="default"/>
		<lpc name="bottomtunnel2.c" type="roomfile" x="507" y="191" icon="Up / down"/>
		<lpc name="maintenanceroom.c" type="roomfile" x="507" y="128" icon="default"/>
		<lpc name="ladderdown.c" type="roomfile" x="303" y="23" icon="Domain Entrance / Exit"/>
		<lpc name="bottomofladder.c" type="roomfile" x="303" y="88" icon="Interest"/>
		<lpc name="collapsedhall1.c" type="roomfile" x="241" y="87" icon="default"/>
		<lpc name="collpasedhall2.c" type="roomfile" x="363" y="88" icon="default"/>
		<lpc name="collpasedhall3.c" type="roomfile" x="240" y="212" icon="default"/>
		<lpc name="collpasedhall4.c" type="roomfile" x="365" y="212" icon="default"/>
		<lpc name="collpasedhal5.c" type="roomfile" x="304" y="211" icon="Up / down"/>
		<lpc name="keycardroom.c" type="roomfile" x="304" y="150" icon="Interest"/>
		<lpc name="lowerladder.c" type="roomfile" x="282" y="295" icon="Up / down"/>
		<lpc name="rustytunnel1.c" type="roomfile" x="222" y="295" icon="default"/>
		<lpc name="room022.c" type="roomfile" x="222" y="356" icon="default"/>
		<lpc name="room023.c" type="roomfile" x="282" y="358" icon="default"/>
		<lpc name="room025.c" type="roomfile" x="222" y="420" icon="default"/>
		<lpc name="room026.c" type="roomfile" x="283" y="419" icon="default"/>
		<lpc name="room027.c" type="roomfile" x="346" y="419" icon="default"/>
		<lpc name="room028.c" type="roomfile" x="342" y="295" icon="default"/>
		<lpc name="room031.c" type="roomfile" x="402" y="295" icon="Up / down"/>
		<lpc name="room032.c" type="roomfile" x="403" y="357" icon="default"/>
		<lpc name="room033.c" type="roomfile" x="403" y="419" icon="default"/>
		<lpc name="room034.c" type="roomfile" x="284" y="479" icon="default"/>
		<lpc name="unsettlingtunnel.c" type="roomfile" x="283" y="539" icon="Interest"/>
		<lpc name="trapdeadend.c" type="roomfile" x="284" y="599" icon="Final Boss"/>
		<lpc name="room039.c" type="roomfile" x="225" y="540" icon="Hidden Room"/>
		<lpc name="room040.c" type="roomfile" x="213" y="610" icon="Up / down"/>
		<lpc name="room041.c" type="roomfile" x="211" y="682" icon="default"/>
		<lpc name="room042.c" type="roomfile" x="153" y="682" icon="default"/>
		<lpc name="hugetunnel.c" type="roomfile" x="92" y="682" icon="default"/>
		<lpc name="lobsterlair.c" type="roomfile" x="29" y="681" icon="Final Boss"/>
	</directory>
	<directory name="doors">
		<lpc name="underpoint_keycardroom" type="inventory" class="door" />
		<lpc name="hatch" type="inventory" class="door" />
	</directory>
	<directory name="inventory">
		<lpc name="grungerat" type="inventory" class="npc" />
		<lpc name="packrat" type="inventory" class="npc" />
		<lpc name="broclobster" type="inventory" class="npc" />
		<lpc name="lobstershell" type="inventory" class="armor" />
		<lpc name="maintenance_keycard" type="inventory" class="object" />
		<lpc name="down_hatch" type="inventory" class="object" />
		<lpc name="up_hatch" type="inventory" class="object" />
		<lpc name="north_wipe" type="inventory" class="object" />
		<lpc name="south_wipe" type="inventory" class="object" />
		<lpc name="walker" type="inventory" class="npc" />
	</directory>
	<directory name="references">
		<ref name="warppoint" />
		<ref name="common" />
	</directory>
</domain>
