<?xml version="1.0" encoding="utf-8" ?>
<domain name="warppoint_lounge" >
	<lpc name="include.h" type="header" />
	<directory name="room">
		<lpc name="start.c" type="roomfile" x="245" y="215" icon="Lounge"/>
		<lpc name="Cafe.c" type="roomfile" x="245" y="136" icon="Bar"/>
	</directory>
	<directory name="doors">
	</directory>
	<directory name="inventory">
		<lpc name="cookie" type="inventory" class="meal" />
		<lpc name="doughnut" type="inventory" class="meal" />
		<lpc name="muffin" type="inventory" class="meal" />
		<lpc name="coffeecake" type="inventory" class="meal" />
		<lpc name="Merrimint" type="inventory" class="meal" />
		<lpc name="expresso" type="inventory" class="meal" />
		<lpc name="Tea" type="inventory" class="meal" />
		<lpc name="smoothie" type="inventory" class="meal" />
		<lpc name="hotchocolate" type="inventory" class="meal" />
		<lpc name="Poopy" type="inventory" class="npc" />
        <lpc name="table" type="inventory" class="object" />
        <lpc name="lounge_chair" type="inventory" class="object" />
        <lpc name="lounge_couch" type="inventory" class="object" />
	</directory>
	<directory name="references">
		<ref name="stellarmass" />
		<ref name="basictraining" />
		<ref name="common" />
	</directory>
</domain>
