<?xml version="1.0" encoding="utf-8" ?>
<domain name="warppoint_narumi" >
	<lpc name="include.h" type="header" />
	<directory name="room">
		<lpc name="start.c" type="roomfile" x="118" y="46" icon="Domain Entrance / Exit"/>
		<lpc name="Foyer.c" type="roomfile" x="209" y="45" icon="default"/>
		<lpc name="Phillip_Office.c" type="roomfile" x="209" y="-239" icon="default"/>
		<lpc name="Phillip_Room.c" type="roomfile" x="388" y="-239" icon="default"/>
		<lpc name="The_office.c" type="roomfile" x="299" y="45" icon="default"/>
		<lpc name="Shotaros_Corner.c" type="roomfile" x="375" y="123" icon="default"/>
		<lpc name="Shotaros_Bed.c" type="roomfile" x="298" y="-58" icon="Interest"/>
		<lpc name="The_Garage.c" type="roomfile" x="298" y="-149" icon="default"/>
		<lpc name="room007.c" type="roomfile" x="208" y="139" icon="default"/>
	</directory>
	<directory name="doors">
	</directory>
	<directory name="inventory">
		<lpc name="philip" type="inventory" class="npc" />
		<lpc name="akiko" type="inventory" class="npc" />
		<lpc name="teuri_jacket" type="inventory" class="armor" />
		<lpc name="boss_hat" type="inventory" class="armor" />
		<lpc name="fang" type="inventory" class="npc" />
		<lpc name="shotaros_coffee" type="inventory" class="object" />
		<lpc name="coffee_pot" type="inventory" class="object" />
		<lpc name="white_tie" type="inventory" class="armor" />
		<lpc name="blue_tie" type="inventory" class="armor" />
		<lpc name="windscale_ring" type="inventory" class="armor" />
		<lpc name="basket" type="inventory" class="object" />
		<lpc name="windscale_fedora" type="inventory" class="armor" />
		<lpc name="philips_vest" type="inventory" class="armor" />
		<lpc name="trigger_magnum" type="inventory" class="weapon" />
		<lpc name="metal_shaft" type="inventory" class="weapon" />
		<lpc name="shotaros_desk" type="inventory" class="object" />
		<lpc name="slipper_of_death" type="inventory" class="object" />
	</directory>
	<directory name="references">
		<ref name="common" />
	</directory>
</domain>
