<?xml version="1.0" encoding="utf-8" ?>
<domain name="zura_zurakivillage" >
	<lpc name="include.h" type="header" />
	<directory name="room">
		<lpc name="start.c" type="roomfile" x="67" y="64" icon="Domain Entrance / Exit"/>
		<lpc name="room000.c" type="roomfile" x="129" y="125" icon="default"/>
		<lpc name="room001.c" type="roomfile" x="207" y="125" icon="default"/>
		<lpc name="room002.c" type="roomfile" x="207" y="239" icon="default"/>
		<lpc name="room003.c" type="roomfile" x="265" y="240" icon="default"/>
		<lpc name="room004.c" type="roomfile" x="323" y="182" icon="default"/>
		<lpc name="room005.c" type="roomfile" x="265" y="183" icon="Hidden Room"/>
		<lpc name="room006.c" type="roomfile" x="266" y="125" icon="default"/>
		<lpc name="room007.c" type="roomfile" x="391" y="182" icon="default"/>
		<lpc name="room008.c" type="roomfile" x="390" y="249" icon="default"/>
		<lpc name="room009.c" type="roomfile" x="391" y="119" icon="default"/>
		<lpc name="room010.c" type="roomfile" x="451" y="59" icon="default"/>
		<lpc name="room011.c" type="roomfile" x="278" y="579" icon="default"/>
		<lpc name="room012.c" type="roomfile" x="341" y="514" icon="default"/>
		<lpc name="room013.c" type="roomfile" x="404" y="513" icon="default"/>
		<lpc name="room014.c" type="roomfile" x="470" y="576" icon="default"/>
		<lpc name="room015.c" type="roomfile" x="528" y="637" icon="default"/>
		<lpc name="room016.c" type="roomfile" x="409" y="635" icon="default"/>
		<lpc name="room017.c" type="roomfile" x="333" y="636" icon="default"/>
		<lpc name="room018.c" type="roomfile" x="465" y="452" icon="default"/>
		<lpc name="room019.c" type="roomfile" x="455" y="249" icon="default"/>
		<lpc name="room020.c" type="roomfile" x="526" y="250" icon="default"/>
		<lpc name="room021.c" type="roomfile" x="583" y="307" icon="default"/>
		<lpc name="room022.c" type="roomfile" x="582" y="370" icon="Domain Entrance / Exit"/>
	</directory>
	<directory name="doors">
	</directory>
	<directory name="inventory">
		<lpc name="lump_gold" type="inventory" class="object" />
		<lpc name="shiny_stone" type="inventory" class="object" />
		<lpc name="zuraki" type="inventory" class="npc" />
		<lpc name="zuraki_mother" type="inventory" class="npc" />
	</directory>
	<directory name="references">
		<ref name="zura_zuranianvillage" />
	</directory>
</domain>
