<?xml version="1.0" encoding="utf-8" ?>
<domain name="zura_zuranianvillage" >
	<lpc name="include.h" type="header" />
	<directory name="room">
		<lpc name="start.c" type="roomfile" x="372" y="32" icon="Domain Entrance / Exit"/>
		<lpc name="room000.c" type="roomfile" x="371" y="101" icon="default"/>
		<lpc name="room001.c" type="roomfile" x="371" y="164" icon="default"/>
		<lpc name="room002.c" type="roomfile" x="301" y="236" icon="default"/>
		<lpc name="room003.c" type="roomfile" x="439" y="165" icon="default"/>
		<lpc name="room005.c" type="roomfile" x="370" y="306" icon="default"/>
		<lpc name="room007.c" type="roomfile" x="370" y="235" icon="Interest"/>
		<lpc name="room008.c" type="roomfile" x="439" y="234" icon="Warpgate"/>
		<lpc name="room010.c" type="roomfile" x="225" y="102" icon="default"/>
		<lpc name="room011.c" type="roomfile" x="152" y="173" icon="default"/>
		<lpc name="room012.c" type="roomfile" x="81" y="245" icon="default"/>
		<lpc name="room013.c" type="roomfile" x="16" y="244" icon="Domain Entrance / Exit"/>
		<lpc name="room014.c" type="roomfile" x="439" y="306" icon="default"/>
		<lpc name="room015.c" type="roomfile" x="509" y="232" icon="default"/>
		<lpc name="room016.c" type="roomfile" x="584" y="231" icon="default"/>
		<lpc name="tent.c" type="roomfile" x="252" y="369" icon="default"/>
		<lpc name="zuranian_store.c" type="roomfile" x="438" y="88" icon="Hidden Room"/>
	</directory>
	<directory name="doors">
	</directory>
	<directory name="inventory">
		<lpc name="obsidian_blade" type="inventory" class="weapon" />
		<lpc name="dacite_spear" type="inventory" class="object" />
		<lpc name="waist_sack" type="inventory" class="armor" />
		<lpc name="chieftain_headdress" type="inventory" class="armor" />
		<lpc name="zuranian" type="inventory" class="npc" />
		<lpc name="zuranian_fund" type="inventory" class="npc" />
		<lpc name="chieftain" type="inventory" class="npc" />
		<lpc name="quiet_villager" type="inventory" class="npc" />
		<lpc name="zura_jerky" type="inventory" class="meal" />
		<lpc name="zuranian_merchant" type="inventory" class="npc" />
		<lpc name="the_master" type="inventory" class="npc" />
	</directory>
	<directory name="references">
		<ref name="locked" />
		<ref name="seco_severapass" />
		<ref name="stellarmass" />
	</directory>
</domain>
