<?xml version="1.0" encoding="utf-8" ?>
<domain name="zura_mountainpass" >
	<lpc name="include.h" type="header" />
	<directory name="room">
		<lpc name="start.c" type="roomfile" x="501" y="44" icon="Domain Entrance / Exit"/>
		<lpc name="room000.c" type="roomfile" x="432" y="44" icon="default"/>
		<lpc name="room001.c" type="roomfile" x="368" y="108" icon="default"/>
		<lpc name="room002.c" type="roomfile" x="299" y="108" icon="default"/>
		<lpc name="room003.c" type="roomfile" x="299" y="38" icon="default"/>
		<lpc name="room004.c" type="roomfile" x="303" y="173" icon="default"/>
		<lpc name="room005.c" type="roomfile" x="239" y="237" icon="default"/>
		<lpc name="room006.c" type="roomfile" x="225" y="311" icon="default"/>
		<lpc name="room007.c" type="roomfile" x="224" y="374" icon="default"/>
		<lpc name="room008.c" type="roomfile" x="289" y="436" icon="default"/>
		<lpc name="room009.c" type="roomfile" x="240" y="38" icon="Interest"/>
		<lpc name="room010.c" type="roomfile" x="162" y="436" icon="Hidden Room"/>
		<lpc name="room011.c" type="roomfile" x="149" y="543" icon="default"/>
		<lpc name="room012.c" type="roomfile" x="346" y="492" icon="default"/>
		<lpc name="room013.c" type="roomfile" x="203" y="600" icon="default"/>
		<lpc name="room014.c" type="roomfile" x="408" y="492" icon="default"/>
		<lpc name="room015.c" type="roomfile" x="368" y="172" icon="default"/>
		<lpc name="room016.c" type="roomfile" x="369" y="237" icon="default"/>
		<lpc name="room017.c" type="roomfile" x="428" y="295" icon="Interest"/>
		<lpc name="room018.c" type="roomfile" x="361" y="614" icon="default"/>
		<lpc name="room019.c" type="roomfile" x="361" y="673" icon="default"/>
		<lpc name="room020.c" type="roomfile" x="275" y="672" icon="default"/>
		<lpc name="room021.c" type="roomfile" x="362" y="742" icon="default"/>
	</directory>
	<directory name="doors">
	</directory>
	<directory name="inventory">
	</directory>
	<directory name="references">
		<ref name="zura_snowfields" />
		<ref name="zura_zuranianvillage" />
	</directory>
</domain>
