<?xml version="1.0" encoding="utf-8" ?>
<domain name="zura_blueforest" >
	<lpc name="include.h" type="header" />
	<directory name="room">
		<lpc name="start.c" type="roomfile" x="777" y="403" icon="Domain Entrance / Exit"/>
		<lpc name="room000.c" type="roomfile" x="718" y="461" icon="default"/>
		<lpc name="room001.c" type="roomfile" x="641" y="462" icon="default"/>
		<lpc name="room002.c" type="roomfile" x="642" y="385" icon="default"/>
		<lpc name="room003.c" type="roomfile" x="579" y="320" icon="default"/>
		<lpc name="room004.c" type="roomfile" x="580" y="257" icon="Up / down"/>
		<lpc name="room005.c" type="roomfile" x="579" y="526" icon="default"/>
		<lpc name="room006.c" type="roomfile" x="513" y="461" icon="default"/>
		<lpc name="room007.c" type="roomfile" x="448" y="526" icon="default"/>
		<lpc name="room008.c" type="roomfile" x="513" y="385" icon="default"/>
		<lpc name="room009.c" type="roomfile" x="473" y="154" icon="default"/>
		<lpc name="room010.c" type="roomfile" x="384" y="243" icon="Up / down"/>
		<lpc name="room011.c" type="roomfile" x="383" y="310" icon="default"/>
		<lpc name="room012.c" type="roomfile" x="323" y="370" icon="default"/>
		<lpc name="room013.c" type="roomfile" x="323" y="461" icon="default"/>
		<lpc name="room014.c" type="roomfile" x="324" y="597" icon="Interest"/>
		<lpc name="room015.c" type="roomfile" x="414" y="154" icon="Interest"/>
		<lpc name="room016.c" type="roomfile" x="260" y="310" icon="default"/>
		<lpc name="room017.c" type="roomfile" x="200" y="357" icon="default"/>
		<lpc name="room018.c" type="roomfile" x="193" y="226" icon="default"/>
		<lpc name="room019.c" type="roomfile" x="215" y="135" icon="Up / down"/>
		<lpc name="room020.c" type="roomfile" x="353" y="153" icon="Up / down"/>
		<lpc name="room021.c" type="roomfile" x="127" y="227" icon="default"/>
		<lpc name="room022.c" type="roomfile" x="127" y="135" icon="Final Boss"/>
		<lpc name="room023.c" type="roomfile" x="353" y="527" icon="default"/>
		<lpc name="cave.c" type="roomfile" x="194" y="527" icon="default"/>
		<lpc name="deep_cave.c" type="roomfile" x="129" y="462" icon="default"/>
		<lpc name="cave_path.c" type="roomfile" x="54" y="461" icon="Up / down"/>
		<lpc name="cave_stairs.c" type="roomfile" x="54" y="331" icon="default"/>
		<lpc name="cave_stairs_2.c" type="roomfile" x="54" y="207" icon="Up / down"/>
		<lpc name="topofcavestairs.c" type="roomfile" x="54" y="135" icon="default"/>
		<lpc name="mid_path.c" type="roomfile" x="580" y="424" icon="Hidden Room"/>
		<lpc name="top_of_lift.c" type="roomfile" x="54" y="269" icon="default"/>
		<lpc name="bottom_of_lift.c" type="roomfile" x="54" y="393" icon="default"/>
		<lpc name="room038.c" type="roomfile" x="282" y="167" icon="default"/>
	</directory>
	<directory name="doors">
		<lpc name="zurapocherdoor_01" type="inventory" class="door" />
	</directory>
	<directory name="inventory">
		<lpc name="zurapoacher" type="inventory" class="npc" />
		<lpc name="uni_heavyblaster_rifle" type="inventory" class="object" />
		<lpc name="blackfurhat" type="inventory" class="armor" />
		<lpc name="whiteleathercloak" type="inventory" class="armor" />
		<lpc name="zura_poacher" type="inventory" class="npc" />
		<lpc name="zurapoacher_boss" type="inventory" class="npc" />
		<lpc name="headmaster_head" type="inventory" class="object" />
		<lpc name="lost_babyzuraki" type="inventory" class="npc" />
	</directory>
	<directory name="references">
		<ref name="seco_badlands" />
		<ref name="common" />
		<ref name="locked" />
		<ref name="stellarmass" />
		<ref name="warppoint" />
		<ref name="zura_iceforest" />
		<ref name="zura_snowfields" />
	</directory>
</domain>
