<?xml version="1.0" encoding="utf-8" ?>
<domain name="zura_snowfields" >
	<lpc name="include.h" type="header" />
	<directory name="room">
		<lpc name="start.c" type="roomfile" x="103" y="314" icon="Domain Entrance / Exit"/>
		<lpc name="room000.c" type="roomfile" x="723" y="398" icon="Domain Entrance / Exit"/>
		<lpc name="room001.c" type="roomfile" x="654" y="330" icon="default"/>
		<lpc name="room002.c" type="roomfile" x="593" y="391" icon="default"/>
		<lpc name="room003.c" type="roomfile" x="532" y="390" icon="default"/>
		<lpc name="room004.c" type="roomfile" x="532" y="457" icon="default"/>
		<lpc name="room005.c" type="roomfile" x="470" y="393" icon="default"/>
		<lpc name="room006.c" type="roomfile" x="173" y="244" icon="default"/>
		<lpc name="room007.c" type="roomfile" x="171" y="313" icon="default"/>
		<lpc name="room008.c" type="roomfile" x="170" y="380" icon="default"/>
		<lpc name="room009.c" type="roomfile" x="169" y="449" icon="Domain Entrance / Exit"/>
		<lpc name="room010.c" type="roomfile" x="238" y="449" icon="default"/>
		<lpc name="room011.c" type="roomfile" x="241" y="378" icon="default"/>
		<lpc name="room012.c" type="roomfile" x="240" y="312" icon="default"/>
		<lpc name="room013.c" type="roomfile" x="240" y="245" icon="default"/>
		<lpc name="room014.c" type="roomfile" x="307" y="313" icon="default"/>
		<lpc name="room015.c" type="roomfile" x="308" y="245" icon="default"/>
		<lpc name="room016.c" type="roomfile" x="309" y="377" icon="default"/>
		<lpc name="room017.c" type="roomfile" x="308" y="447" icon="default"/>
		<lpc name="room018.c" type="roomfile" x="375" y="247" icon="default"/>
		<lpc name="room021.c" type="roomfile" x="374" y="312" icon="default"/>
		<lpc name="room022.c" type="roomfile" x="440" y="312" icon="default"/>
		<lpc name="room023.c" type="roomfile" x="526" y="297" icon="default"/>
		<lpc name="room024.c" type="roomfile" x="391" y="392" icon="default"/>
		<lpc name="room025.c" type="roomfile" x="584" y="239" icon="default"/>
		<lpc name="room026.c" type="roomfile" x="646" y="240" icon="default"/>
	</directory>
	<directory name="doors">
	</directory>
	<directory name="inventory">
		<lpc name="kisak_meat" type="inventory" class="meal" />
		<lpc name="kisak_bill" type="inventory" class="weapon" />
		<lpc name="ryker_pelt" type="inventory" class="object" />
		<lpc name="kisak" type="inventory" class="npc" />
		<lpc name="ryker" type="inventory" class="npc" />
		<lpc name="thrike" type="inventory" class="npc" />
		<lpc name="thrike_pelt" type="inventory" class="object" />
	</directory>
	<directory name="references">
		<ref name="zura_zuranianvillage" />
		<ref name="zura_zurakivillage" />
	</directory>
</domain>
