<?xml version="1.0" encoding="utf-8" ?>
<domain name="iceforest" >
	<lpc name="include.h" type="header" />
	<directory name="room">
		<lpc name="start.c" type="roomfile" x="279" y="230" icon="Domain Entrance / Exit"/>
		<lpc name="room002.c" type="roomfile" x="279" y="171" icon="default"/>
		<lpc name="room003.c" type="roomfile" x="278" y="74" icon="Hospital"/>
		<lpc name="room004.c" type="roomfile" x="343" y="73" icon="default"/>
		<lpc name="room005.c" type="roomfile" x="218" y="171" icon="default"/>
		<lpc name="room006.c" type="roomfile" x="217" y="230" icon="default"/>
		<lpc name="room007.c" type="roomfile" x="217" y="295" icon="default"/>
		<lpc name="room008.c" type="roomfile" x="278" y="295" icon="default"/>
		<lpc name="room009.c" type="roomfile" x="339" y="294" icon="default"/>
		<lpc name="room010.c" type="roomfile" x="339" y="232" icon="default"/>
		<lpc name="room011.c" type="roomfile" x="340" y="170" icon="default"/>
		<lpc name="room012.c" type="roomfile" x="416" y="169" icon="default"/>
		<lpc name="room013.c" type="roomfile" x="415" y="232" icon="default"/>
		<lpc name="room014.c" type="roomfile" x="415" y="295" icon="default"/>
		<lpc name="room015.c" type="roomfile" x="75" y="142" icon="default"/>
		<lpc name="room016.c" type="roomfile" x="74" y="230" icon="default"/>
		<lpc name="room017.c" type="roomfile" x="74" y="305" icon="default"/>
		<lpc name="room018.c" type="roomfile" x="140" y="371" icon="default"/>
		<lpc name="room019.c" type="roomfile" x="80" y="430" icon="Domain Entrance / Exit"/>
		<lpc name="room020.c" type="roomfile" x="321" y="371" icon="default"/>
		<lpc name="room022.c" type="roomfile" x="490" y="369" icon="Domain Entrance / Exit"/>
		<lpc name="room023.c" type="roomfile" x="537" y="231" icon="Domain Entrance / Exit"/>
		<lpc name="huskyshop.c" type="roomfile" x="279" y="-29" icon="Hidden Room"/>
	</directory>
	<directory name="doors">
	</directory>
	<directory name="inventory">
		<lpc name="dr_jones" type="inventory" class="npc" />
		<lpc name="husky" type="inventory" class="npc" />
		<lpc name="lookout" type="inventory" class="npc" />
	</directory>
	<directory name="references">
		<ref name="zura_blueforest" />
		<ref name="zura_zurakivillage" />
		<ref name="zura_zuranianvillage" />
		<ref name="zura_snowfields" />
		<ref name="locked" />
		<ref name="seco_severapass" />
		<ref name="stellarmass" />
	</directory>
</domain>
