<?xml version="1.0" encoding="utf-8" ?>
<domain name="zura_temple" >
	<lpc name="include.h" type="header" />
	<directory name="room">
		<lpc name="start.c" type="roomfile" x="139" y="145" icon="Domain Entrance / Exit"/>
		<lpc name="room000.c" type="roomfile" x="203" y="146" icon="default"/>
		<lpc name="room001.c" type="roomfile" x="267" y="146" icon="default"/>
		<lpc name="room002.c" type="roomfile" x="337" y="147" icon="default"/>
		<lpc name="room003.c" type="roomfile" x="351" y="215" icon="default"/>
		<lpc name="room004.c" type="roomfile" x="365" y="283" icon="default"/>
		<lpc name="room006.c" type="roomfile" x="429" y="283" icon="default"/>
		<lpc name="room007.c" type="roomfile" x="493" y="219" icon="default"/>
		<lpc name="room008.c" type="roomfile" x="495" y="282" icon="default"/>
		<lpc name="room009.c" type="roomfile" x="495" y="349" icon="default"/>
		<lpc name="room010.c" type="roomfile" x="429" y="218" icon="default"/>
		<lpc name="room011.c" type="roomfile" x="429" y="349" icon="default"/>
		<lpc name="room012.c" type="roomfile" x="429" y="156" icon="default"/>
		<lpc name="room013.c" type="roomfile" x="551" y="159" icon="default"/>
		<lpc name="room014.c" type="roomfile" x="559" y="281" icon="default"/>
		<lpc name="room015.c" type="roomfile" x="552" y="406" icon="default"/>
		<lpc name="room016.c" type="roomfile" x="430" y="414" icon="default"/>
		<lpc name="room017.c" type="roomfile" x="628" y="280" icon="default"/>
		<lpc name="room018.c" type="roomfile" x="610" y="463" icon="Final Boss"/>
		<lpc name="room019.c" type="roomfile" x="612" y="96" icon="It's a trap!"/>
		<lpc name="room020.c" type="roomfile" x="429" y="89" icon="It's a trap!"/>
		<lpc name="room021.c" type="roomfile" x="430" y="482" icon="Final Boss"/>
		<lpc name="room022.c" type="roomfile" x="693" y="279" icon="Warpgate"/>
	</directory>
	<directory name="doors">
	</directory>
	<directory name="inventory">
	</directory>
	<directory name="references">
		<ref name="zura_snowfields" />
		<ref name="zura_zuranianvillage" />
	</directory>
</domain>
